Workbook

Sheet Kết quả
N1: Dữ liệu biểu đồ (tham chiếu công thức từ các bảng trên)
B2: Kết quả định lượng – Gia Định Báo 1865–1871
B3: So sánh 3 chuyên mục Công vụ – Tạp vụ – Giá chợ giữa các giai đoạn biên tập: Ernest Potteaux (45 số) – Trương Vĩnh Ký (15 số) – G. Janneau (1 số: số 28, 01/12/1869). Nguồn: 'GDB 1866-1871'; bảng cấp số báo ở 'KQ_SoBao'. Mọi con số là công thức sống. | N3: Đơn vị theo mục | O3: Potteaux | P3: Trương Vĩnh Ký | Q3: G. Janneau
N4: Công vụ | O4: =C45 -> 217 | P4: =F45 -> 58 | Q4: =I45 -> 5
B5: 1. Tổng quan corpus | N5: Tạp vụ | O5: =C46 -> 359 | P5: =F46 -> 143 | Q5: =I46 -> 9
B6: Chỉ báo | C6: Potteaux | D6: Trương Vĩnh Ký | E6: G. Janneau | F6: Toàn corpus | N6: Giá chợ | O6: =C47 -> 97 | P6: =F47 -> 0 | Q6: =I47 -> 0
B7: Số số báo | C7: =COUNTIF(KQ_SoBao!$A:$A,"Potteaux") -> 45 | D7: =COUNTIF(KQ_SoBao!$A:$A,"TVK") -> 15 | E7: =COUNTIF(KQ_SoBao!$A:$A,"Janneau") -> 1 | F7: =C7+D7+E7 -> 61
B8: Đơn vị nội dung (3 mục) | C8: =SUMIFS(KQ_SoBao!$I:$I,KQ_SoBao!$A:$A,"Potteaux") -> 673 | D8: =SUMIFS(KQ_SoBao!$I:$I,KQ_SoBao!$A:$A,"TVK") -> 201 | E8: =SUMIFS(KQ_SoBao!$I:$I,KQ_SoBao!$A:$A,"Janneau") -> 14 | F8: =C8+D8+E8 -> 888 | N8: Tỷ trọng (đơn vị theo giai đoạn)
B9: – Công vụ | C9: =SUMIFS(KQ_SoBao!$E:$E,KQ_SoBao!$A:$A,"Potteaux") -> 217 | D9: =SUMIFS(KQ_SoBao!$E:$E,KQ_SoBao!$A:$A,"TVK") -> 58 | E9: =SUMIFS(KQ_SoBao!$E:$E,KQ_SoBao!$A:$A,"Janneau") -> 5 | F9: =C9+D9+E9 -> 280 | O9: Công vụ | P9: Tạp vụ | Q9: Giá chợ
B10: – Tạp vụ | C10: =SUMIFS(KQ_SoBao!$F:$F,KQ_SoBao!$A:$A,"Potteaux") -> 359 | D10: =SUMIFS(KQ_SoBao!$F:$F,KQ_SoBao!$A:$A,"TVK") -> 143 | E10: =SUMIFS(KQ_SoBao!$F:$F,KQ_SoBao!$A:$A,"Janneau") -> 9 | F10: =C10+D10+E10 -> 511 | N10: Potteaux | O10: =C45 -> 217 | P10: =C46 -> 359 | Q10: =C47 -> 97
B11: – Giá chợ | C11: =SUMIFS(KQ_SoBao!$G:$G,KQ_SoBao!$A:$A,"Potteaux") -> 97 | D11: =SUMIFS(KQ_SoBao!$G:$G,KQ_SoBao!$A:$A,"TVK") -> 0 | E11: =SUMIFS(KQ_SoBao!$G:$G,KQ_SoBao!$A:$A,"Janneau") -> 0 | F11: =C11+D11+E11 -> 97 | N11: Trương Vĩnh Ký | O11: =F45 -> 58 | P11: =F46 -> 143 | Q11: =F47 -> 0
B12: Phụ thêm (ngoài phân tích) | C12: =SUMIFS(KQ_SoBao!$H:$H,KQ_SoBao!$A:$A,"Potteaux") -> 10 | D12: =SUMIFS(KQ_SoBao!$H:$H,KQ_SoBao!$A:$A,"TVK") -> 1 | E12: =SUMIFS(KQ_SoBao!$H:$H,KQ_SoBao!$A:$A,"Janneau") -> 0 | F12: =C12+D12+E12 -> 11 | N12: G. Janneau | O12: =I45 -> 5 | P12: =I46 -> 9 | Q12: =I47 -> 0
B13: Đơn vị TB / số báo | C13: =C8/C7 -> 14.955556 | D13: =D8/D7 -> 13.4 | E13: =E8/E7 -> 14 | F13: =F8/F7 -> 14.557377
N14: Tỷ lệ có nhan đề gốc
B15: 2. Bảng 1 – Phân bố corpus theo năm (số số báo & hiện diện chuyên mục) | O15: Công vụ | P15: Tạp vụ
B16: Năm | C16: Số số báo | D16: Có Công vụ | E16: Có Tạp vụ | F16: Có Giá chợ | G16: Đơn vị (3 mục) | N16: Potteaux | O16: =F52 -> 0.21198157 | P16: =F55 -> 0.37325905
B17: 1865 | C17: =COUNTIF(KQ_SoBao!$D:$D,$B17) -> 3 | D17: =SUMIFS(KQ_SoBao!$J:$J,KQ_SoBao!$D:$D,$B17) -> 3 | E17: =SUMIFS(KQ_SoBao!$K:$K,KQ_SoBao!$D:$D,$B17) -> 3 | F17: =SUMIFS(KQ_SoBao!$L:$L,KQ_SoBao!$D:$D,$B17) -> 1 | G17: =SUMIFS(KQ_SoBao!$I:$I,KQ_SoBao!$D:$D,$B17) -> 57 | N17: Trương Vĩnh Ký | O17: =F53 -> 0.46551724 | P17: =F56 -> 0.79020979
B18: 1866 | C18: =COUNTIF(KQ_SoBao!$D:$D,$B18) -> 10 | D18: =SUMIFS(KQ_SoBao!$J:$J,KQ_SoBao!$D:$D,$B18) -> 10 | E18: =SUMIFS(KQ_SoBao!$K:$K,KQ_SoBao!$D:$D,$B18) -> 8 | F18: =SUMIFS(KQ_SoBao!$L:$L,KQ_SoBao!$D:$D,$B18) -> 6 | G18: =SUMIFS(KQ_SoBao!$I:$I,KQ_SoBao!$D:$D,$B18) -> 164 | N18: G. Janneau | O18: =F54 -> 1 | P18: =F57 -> 0.66666667
B19: 1867 | C19: =COUNTIF(KQ_SoBao!$D:$D,$B19) -> 12 | D19: =SUMIFS(KQ_SoBao!$J:$J,KQ_SoBao!$D:$D,$B19) -> 12 | E19: =SUMIFS(KQ_SoBao!$K:$K,KQ_SoBao!$D:$D,$B19) -> 12 | F19: =SUMIFS(KQ_SoBao!$L:$L,KQ_SoBao!$D:$D,$B19) -> 12 | G19: =SUMIFS(KQ_SoBao!$I:$I,KQ_SoBao!$D:$D,$B19) -> 215
B20: 1868 | C20: =COUNTIF(KQ_SoBao!$D:$D,$B20) -> 7 | D20: =SUMIFS(KQ_SoBao!$J:$J,KQ_SoBao!$D:$D,$B20) -> 7 | E20: =SUMIFS(KQ_SoBao!$K:$K,KQ_SoBao!$D:$D,$B20) -> 7 | F20: =SUMIFS(KQ_SoBao!$L:$L,KQ_SoBao!$D:$D,$B20) -> 7 | G20: =SUMIFS(KQ_SoBao!$I:$I,KQ_SoBao!$D:$D,$B20) -> 112 | N20: Mật độ (TB đơn vị/số)
B21: 1869 | C21: =COUNTIF(KQ_SoBao!$D:$D,$B21) -> 16 | D21: =SUMIFS(KQ_SoBao!$J:$J,KQ_SoBao!$D:$D,$B21) -> 6 | E21: =SUMIFS(KQ_SoBao!$K:$K,KQ_SoBao!$D:$D,$B21) -> 14 | F21: =SUMIFS(KQ_SoBao!$L:$L,KQ_SoBao!$D:$D,$B21) -> 0 | G21: =SUMIFS(KQ_SoBao!$I:$I,KQ_SoBao!$D:$D,$B21) -> 163 | O21: Potteaux | P21: Trương Vĩnh Ký | Q21: G. Janneau
B22: 1870 | C22: =COUNTIF(KQ_SoBao!$D:$D,$B22) -> 10 | D22: =SUMIFS(KQ_SoBao!$J:$J,KQ_SoBao!$D:$D,$B22) -> 10 | E22: =SUMIFS(KQ_SoBao!$K:$K,KQ_SoBao!$D:$D,$B22) -> 10 | F22: =SUMIFS(KQ_SoBao!$L:$L,KQ_SoBao!$D:$D,$B22) -> 0 | G22: =SUMIFS(KQ_SoBao!$I:$I,KQ_SoBao!$D:$D,$B22) -> 136 | N22: Công vụ | O22: =D45 -> 4.8222222 | P22: =G45 -> 3.8666667 | Q22: =J45 -> 5
B23: 1871 | C23: =COUNTIF(KQ_SoBao!$D:$D,$B23) -> 3 | D23: =SUMIFS(KQ_SoBao!$J:$J,KQ_SoBao!$D:$D,$B23) -> 3 | E23: =SUMIFS(KQ_SoBao!$K:$K,KQ_SoBao!$D:$D,$B23) -> 3 | F23: =SUMIFS(KQ_SoBao!$L:$L,KQ_SoBao!$D:$D,$B23) -> 0 | G23: =SUMIFS(KQ_SoBao!$I:$I,KQ_SoBao!$D:$D,$B23) -> 41 | N23: Tạp vụ | O23: =D46 -> 7.9777778 | P23: =G46 -> 9.5333333 | Q23: =J46 -> 9
B24: Tổng | C24: =SUM(C17:C23) -> 61 | D24: =SUM(D17:D23) -> 51 | E24: =SUM(E17:E23) -> 57 | F24: =SUM(F17:F23) -> 26 | G24: =SUM(G17:G23) -> 888 | N24: Giá chợ | O24: =D47 -> 2.1555556 | P24: =G47 -> 0 | Q24: =J47 -> 0
B26: 3. Bảng 2 – Hiện diện chuyên mục theo giai đoạn (cấp số báo)
B27: Chuyên mục | C27: Potteaux (số/45) | D27: % Potteaux | E27: TVK (số/15) | F27: % TVK | G27: Janneau (số/1) | H27: % Janneau | N27: Năm (biểu đồ 1) | O27: Số số báo | P27: Có Công vụ | Q27: Có Tạp vụ | R27: Có Giá chợ
B28: Công vụ | C28: =SUMIFS(KQ_SoBao!$J:$J,KQ_SoBao!$A:$A,"Potteaux") -> 35 | D28: =C28/$C$7 -> 0.77777778 | E28: =SUMIFS(KQ_SoBao!$J:$J,KQ_SoBao!$A:$A,"TVK") -> 15 | F28: =E28/$D$7 -> 1 | G28: =SUMIFS(KQ_SoBao!$J:$J,KQ_SoBao!$A:$A,"Janneau") -> 1 | H28: =G28/$E$7 -> 1 | N28: =TEXT(B17,"0") -> 1865 | O28: =C17 -> 3 | P28: =D17 -> 3 | Q28: =E17 -> 3 | R28: =F17 -> 1
B29: Tạp vụ | C29: =SUMIFS(KQ_SoBao!$K:$K,KQ_SoBao!$A:$A,"Potteaux") -> 41 | D29: =C29/$C$7 -> 0.91111111 | E29: =SUMIFS(KQ_SoBao!$K:$K,KQ_SoBao!$A:$A,"TVK") -> 15 | F29: =E29/$D$7 -> 1 | G29: =SUMIFS(KQ_SoBao!$K:$K,KQ_SoBao!$A:$A,"Janneau") -> 1 | H29: =G29/$E$7 -> 1 | N29: =TEXT(B18,"0") -> 1866 | O29: =C18 -> 10 | P29: =D18 -> 10 | Q29: =E18 -> 8 | R29: =F18 -> 6
B30: Giá chợ | C30: =SUMIFS(KQ_SoBao!$L:$L,KQ_SoBao!$A:$A,"Potteaux") -> 26 | D30: =C30/$C$7 -> 0.57777778 | E30: =SUMIFS(KQ_SoBao!$L:$L,KQ_SoBao!$A:$A,"TVK") -> 0 | F30: =E30/$D$7 -> 0 | G30: =SUMIFS(KQ_SoBao!$L:$L,KQ_SoBao!$A:$A,"Janneau") -> 0 | H30: =G30/$E$7 -> 0 | N30: =TEXT(B19,"0") -> 1867 | O30: =C19 -> 12 | P30: =D19 -> 12 | Q30: =E19 -> 12 | R30: =F19 -> 12
N31: =TEXT(B20,"0") -> 1868 | O31: =C20 -> 7 | P31: =D20 -> 7 | Q31: =E20 -> 7 | R31: =F20 -> 7
B32: 4. Bảng 3 – Mẫu tổ hợp chuyên mục trong mỗi số báo | N32: =TEXT(B21,"0") -> 1869 | O32: =C21 -> 16 | P32: =D21 -> 6 | Q32: =E21 -> 14 | R32: =F21 -> 0
B33: Tổ hợp | C33: Potteaux | D33: TVK | E33: Janneau | N33: =TEXT(B22,"0") -> 1870 | O33: =C22 -> 10 | P33: =D22 -> 10 | Q33: =E22 -> 10 | R33: =F22 -> 0
B34: Công vụ + Tạp vụ + Giá chợ | C34: =COUNTIFS(KQ_SoBao!$M:$M,"CV+TV+GC",KQ_SoBao!$A:$A,"Potteaux") -> 24 | D34: =COUNTIFS(KQ_SoBao!$M:$M,"CV+TV+GC",KQ_SoBao!$A:$A,"TVK") -> 0 | E34: =COUNTIFS(KQ_SoBao!$M:$M,"CV+TV+GC",KQ_SoBao!$A:$A,"Janneau") -> 0 | N34: =TEXT(B23,"0") -> 1871 | O34: =C23 -> 3 | P34: =D23 -> 3 | Q34: =E23 -> 3 | R34: =F23 -> 0
B35: Công vụ + Tạp vụ | C35: =COUNTIFS(KQ_SoBao!$M:$M,"CV+TV",KQ_SoBao!$A:$A,"Potteaux") -> 7 | D35: =COUNTIFS(KQ_SoBao!$M:$M,"CV+TV",KQ_SoBao!$A:$A,"TVK") -> 15 | E35: =COUNTIFS(KQ_SoBao!$M:$M,"CV+TV",KQ_SoBao!$A:$A,"Janneau") -> 1
B36: Công vụ + Giá chợ | C36: =COUNTIFS(KQ_SoBao!$M:$M,"CV+GC",KQ_SoBao!$A:$A,"Potteaux") -> 2 | D36: =COUNTIFS(KQ_SoBao!$M:$M,"CV+GC",KQ_SoBao!$A:$A,"TVK") -> 0 | E36: =COUNTIFS(KQ_SoBao!$M:$M,"CV+GC",KQ_SoBao!$A:$A,"Janneau") -> 0
B37: Tạp vụ + Giá chợ | C37: =COUNTIFS(KQ_SoBao!$M:$M,"TV+GC",KQ_SoBao!$A:$A,"Potteaux") -> 0 | D37: =COUNTIFS(KQ_SoBao!$M:$M,"TV+GC",KQ_SoBao!$A:$A,"TVK") -> 0 | E37: =COUNTIFS(KQ_SoBao!$M:$M,"TV+GC",KQ_SoBao!$A:$A,"Janneau") -> 0
B38: Chỉ Công vụ | C38: =COUNTIFS(KQ_SoBao!$M:$M,"CV",KQ_SoBao!$A:$A,"Potteaux") -> 2 | D38: =COUNTIFS(KQ_SoBao!$M:$M,"CV",KQ_SoBao!$A:$A,"TVK") -> 0 | E38: =COUNTIFS(KQ_SoBao!$M:$M,"CV",KQ_SoBao!$A:$A,"Janneau") -> 0
B39: Chỉ Tạp vụ | C39: =COUNTIFS(KQ_SoBao!$M:$M,"TV",KQ_SoBao!$A:$A,"Potteaux") -> 10 | D39: =COUNTIFS(KQ_SoBao!$M:$M,"TV",KQ_SoBao!$A:$A,"TVK") -> 0 | E39: =COUNTIFS(KQ_SoBao!$M:$M,"TV",KQ_SoBao!$A:$A,"Janneau") -> 0
B40: Chỉ Giá chợ | C40: =COUNTIFS(KQ_SoBao!$M:$M,"GC",KQ_SoBao!$A:$A,"Potteaux") -> 0 | D40: =COUNTIFS(KQ_SoBao!$M:$M,"GC",KQ_SoBao!$A:$A,"TVK") -> 0 | E40: =COUNTIFS(KQ_SoBao!$M:$M,"GC",KQ_SoBao!$A:$A,"Janneau") -> 0
B41: Tổng | C41: =SUM(C34:C40) -> 45 | D41: =SUM(D34:D40) -> 15 | E41: =SUM(E34:E40) -> 1
B43: 5. Bảng 4 – Đơn vị nội dung, mật độ (TB/số) và tỷ trọng theo giai đoạn
B44: Chuyên mục | C44: ĐV Potteaux | D44: TB/số | E44: Tỷ trọng | F44: ĐV TVK | G44: TB/số | H44: Tỷ trọng | I44: ĐV Janneau | J44: TB/số | K44: Tỷ trọng
B45: Công vụ | C45: =SUMIFS(KQ_SoBao!$E:$E,KQ_SoBao!$A:$A,"Potteaux") -> 217 | D45: =C45/$C$7 -> 4.8222222 | E45: =C45/$C$48 -> 0.32243685 | F45: =SUMIFS(KQ_SoBao!$E:$E,KQ_SoBao!$A:$A,"TVK") -> 58 | G45: =F45/$D$7 -> 3.8666667 | H45: =F45/$F$48 -> 0.28855721 | I45: =SUMIFS(KQ_SoBao!$E:$E,KQ_SoBao!$A:$A,"Janneau") -> 5 | J45: =I45/$E$7 -> 5 | K45: =I45/$I$48 -> 0.35714286
B46: Tạp vụ | C46: =SUMIFS(KQ_SoBao!$F:$F,KQ_SoBao!$A:$A,"Potteaux") -> 359 | D46: =C46/$C$7 -> 7.9777778 | E46: =C46/$C$48 -> 0.53343239 | F46: =SUMIFS(KQ_SoBao!$F:$F,KQ_SoBao!$A:$A,"TVK") -> 143 | G46: =F46/$D$7 -> 9.5333333 | H46: =F46/$F$48 -> 0.71144279 | I46: =SUMIFS(KQ_SoBao!$F:$F,KQ_SoBao!$A:$A,"Janneau") -> 9 | J46: =I46/$E$7 -> 9 | K46: =I46/$I$48 -> 0.64285714
B47: Giá chợ | C47: =SUMIFS(KQ_SoBao!$G:$G,KQ_SoBao!$A:$A,"Potteaux") -> 97 | D47: =C47/$C$7 -> 2.1555556 | E47: =C47/$C$48 -> 0.14413076 | F47: =SUMIFS(KQ_SoBao!$G:$G,KQ_SoBao!$A:$A,"TVK") -> 0 | G47: =F47/$D$7 -> 0 | H47: =F47/$F$48 -> 0 | I47: =SUMIFS(KQ_SoBao!$G:$G,KQ_SoBao!$A:$A,"Janneau") -> 0 | J47: =I47/$E$7 -> 0 | K47: =I47/$I$48 -> 0
B48: Tổng 3 mục | C48: =SUM(C45:C47) -> 673 | D48: =C48/$C$7 -> 14.955556 | E48: =C48/$C$48 -> 1 | F48: =SUM(F45:F47) -> 201 | G48: =F48/$D$7 -> 13.4 | H48: =F48/$F$48 -> 1 | I48: =SUM(I45:I47) -> 14 | J48: =I48/$E$7 -> 14 | K48: =I48/$I$48 -> 1
B50: 6. Bảng 5 – Tỷ lệ đơn vị có nhan đề gốc (Công vụ & Tạp vụ)
B51: Chuyên mục | C51: Giai đoạn | D51: ĐV có nhan đề | E51: Tổng ĐV | F51: Tỷ lệ có nhan đề
B52: Công vụ | C52: Potteaux | D52: =SUMIFS(KQ_SoBao!$N:$N,KQ_SoBao!$A:$A,"Potteaux") -> 46 | E52: =SUMIFS(KQ_SoBao!$E:$E,KQ_SoBao!$A:$A,"Potteaux") -> 217 | F52: =D52/E52 -> 0.21198157
B53: Công vụ | C53: Trương Vĩnh Ký | D53: =SUMIFS(KQ_SoBao!$N:$N,KQ_SoBao!$A:$A,"TVK") -> 27 | E53: =SUMIFS(KQ_SoBao!$E:$E,KQ_SoBao!$A:$A,"TVK") -> 58 | F53: =D53/E53 -> 0.46551724
B54: Công vụ | C54: G. Janneau | D54: =SUMIFS(KQ_SoBao!$N:$N,KQ_SoBao!$A:$A,"Janneau") -> 5 | E54: =SUMIFS(KQ_SoBao!$E:$E,KQ_SoBao!$A:$A,"Janneau") -> 5 | F54: =D54/E54 -> 1
B55: Tạp vụ | C55: Potteaux | D55: =SUMIFS(KQ_SoBao!$O:$O,KQ_SoBao!$A:$A,"Potteaux") -> 134 | E55: =SUMIFS(KQ_SoBao!$F:$F,KQ_SoBao!$A:$A,"Potteaux") -> 359 | F55: =D55/E55 -> 0.37325905
B56: Tạp vụ | C56: Trương Vĩnh Ký | D56: =SUMIFS(KQ_SoBao!$O:$O,KQ_SoBao!$A:$A,"TVK") -> 113 | E56: =SUMIFS(KQ_SoBao!$F:$F,KQ_SoBao!$A:$A,"TVK") -> 143 | F56: =D56/E56 -> 0.79020979
B57: Tạp vụ | C57: G. Janneau | D57: =SUMIFS(KQ_SoBao!$O:$O,KQ_SoBao!$A:$A,"Janneau") -> 6 | E57: =SUMIFS(KQ_SoBao!$F:$F,KQ_SoBao!$A:$A,"Janneau") -> 9 | F57: =D57/E57 -> 0.66666667
B60: 7. Diễn giải kết quả
B61: ▪ Từ 3 mục biến động sang 2 mục ổn định. Thời Potteaux chỉ 24/45 số (53,3%) có đủ Công vụ–Tạp vụ–Giá chợ; còn lại là nhiều cấu hình khác nhau (10 số chỉ có Tạp vụ). Sang thời Trương Vĩnh Ký, cả 15/15 số đều theo đúng một tổ hợp Công vụ–Tạp vụ. Đây là quá trình tái cấu trúc (gọn lại, ổn định hơn), không phải mở rộng cơ học số chuyên mục.
B62: ▪ Giá chợ biến mất như một chuyên mục độc lập. Bảng 1 cho thấy Giá chợ chỉ hiện diện 1865–1868 (26/45 số thời Potteaux, 57,8%) rồi bằng 0 từ năm 1869 trở đi. Một số chức năng thông tin giá cả không biến mất hẳn mà được hấp thụ vào Tạp vụ.
B63: ▪ Công vụ: giảm mật độ nhưng ổn định hơn. Mật độ giảm từ 4,82 xuống 3,87 đơn vị/số (–20%); tỷ trọng giảm từ 32,2% xuống 28,9%. Nhưng hiện diện tăng từ 77,8% lên 100% số báo. Công vụ không “nhiều hơn” mà trở nên ổn định và thuần nhất hơn (lõi văn bản công quyền).
B64: ▪ Tạp vụ: trở thành trung tâm của tờ báo. Mật độ tăng từ 7,98 lên 9,53 đơn vị/số; tỷ trọng tăng mạnh từ 53,3% lên 71,1%. Tạp vụ hấp thụ cả tin hành chính–thực dụng, tin đời sống lẫn văn bản giáo huấn–tri thức.
B65: ▪ Nhan đề gốc tăng vọt dưới thời Trương Vĩnh Ký. Tỷ lệ đơn vị có nhan đề gốc: Công vụ tăng 21,2% → 46,6%; Tạp vụ tăng 37,3% → 79,0%. Đây là dấu hiệu định hình bài vở và chuyên nghiệp hóa cách trình bày, phù hợp với luận điểm tờ báo chuyển dần sang phục vụ đại chúng.
B66: ▪ Số 28 (G. Janneau, 01/12/1869) củng cố xu hướng. Số này gồm 14 đơn vị (5 Công vụ + 9 Tạp vụ, không có Giá chợ) – đã theo đúng mô hình 2 mục Công vụ–Tạp vụ giống thời TVK, với tỷ lệ nhan đề cao (Công vụ 100%, Tạp vụ 66,7%). Dù do người khác ký, cấu trúc 2 mục ổn định đã hình thành quanh cuối 1869 – tức mốc biến đổi nội dung không trùng khớp tuyệt đối với mốc thay Chánh tổng tài.
B67: Lưu ý: số liệu tính trực tiếp từ workbook hiện tại (61 số, 888 đơn vị 3 mục + 11 Phụ thêm). Chính lệch nhỏ so với bản thảo (ví dụ Công vụ Potteaux 217 vs 218) là do quy ước loại trừ; các chỉ báo hiện diện và tổ hợp chuyên mục trùng khớp tuyệt đối.
B69: ——— THỐNG KÊ 2 TRỤC CODING (Hình thức & Nội dung, theo PDF) ———
B70: 6. Cơ cấu corpus theo chuyên mục (N=899)
B71: Chuyên mục | C71: n | D71: % (N=899)
B72: Tạp vụ | C72: =COUNTIF('GDB 1866-1871'!$T:$T,$B72) -> 511 | D72: =C72/$C$76 -> 0.56840934
B73: Công vụ | C73: =COUNTIF('GDB 1866-1871'!$T:$T,$B73) -> 280 | D73: =C73/$C$76 -> 0.31145717
B74: Giá chợ | C74: =COUNTIF('GDB 1866-1871'!$T:$T,$B74) -> 97 | D74: =C74/$C$76 -> 0.10789766
B75: Phụ thêm GDB | C75: =COUNTIF('GDB 1866-1871'!$T:$T,$B75) -> 11 | D75: =C75/$C$76 -> 0.012235818
B76: Tổng | C76: =SUM(C72:C75) -> 899 | D76: =C76/$C$76 -> 1
B78: 7. Phân bố Hình thức chính (11 loại, N=899)
B79: Hình thức chính | C79: n | D79: % (N=899)
B80: Tin – tường thuật sự kiện | C80: =COUNTIF('GDB 1866-1871'!$G:$G,$B80) -> 230 | D80: =C80/$C$91 -> 0.25583982
B81: Tin tổng hợp | C81: =COUNTIF('GDB 1866-1871'!$G:$G,$B81) -> 52 | D81: =C81/$C$91 -> 0.057842047
B82: Văn bản công quyền – quy phạm – quyết định | C82: =COUNTIF('GDB 1866-1871'!$G:$G,$B82) -> 215 | D82: =C82/$C$91 -> 0.23915462
B83: Thông báo – yết thị | C83: =COUNTIF('GDB 1866-1871'!$G:$G,$B83) -> 33 | D83: =C83/$C$91 -> 0.036707453
B84: Lời rao – quảng cáo – đấu giá – đấu thầu | C84: =COUNTIF('GDB 1866-1871'!$G:$G,$B84) -> 38 | D84: =C84/$C$91 -> 0.042269188
B85: Bảng giá – bảng kê – danh sách – thống kê | C85: =COUNTIF('GDB 1866-1871'!$G:$G,$B85) -> 163 | D85: =C85/$C$91 -> 0.18131257
B86: Bài tri thức – khảo cứu – giải thích | C86: =COUNTIF('GDB 1866-1871'!$G:$G,$B86) -> 61 | D86: =C86/$C$91 -> 0.06785317
B87: Nghị luận – bình luận – khuyến dụ – giáo huấn | C87: =COUNTIF('GDB 1866-1871'!$G:$G,$B87) -> 33 | D87: =C87/$C$91 -> 0.036707453
B88: Truyện – văn chương | C88: =COUNTIF('GDB 1866-1871'!$G:$G,$B88) -> 52 | D88: =C88/$C$91 -> 0.057842047
B89: Thư từ – văn thư – báo cáo đăng nguyên dạng | C89: =COUNTIF('GDB 1866-1871'!$G:$G,$B89) -> 12 | D89: =C89/$C$91 -> 0.013348165
B90: Hỏi đáp – bảng hỏi – đối thoại – phỏng vấn | C90: =COUNTIF('GDB 1866-1871'!$G:$G,$B90) -> 10 | D90: =C90/$C$91 -> 0.011123471
B91: Tổng | C91: =SUM(C80:C90) -> 899 | D91: =C91/$C$91 -> 1
B93: 8. Phân bố Nội dung chính (15 nhóm + Đa chủ đề, N=899)
B94: Nội dung chính | C94: n | D94: % (N=899)
B95: Chính trị – hành chính | C95: =COUNTIF('GDB 1866-1871'!$I:$I,$B95) -> 105 | D95: =C95/$C$111 -> 0.11679644
B96: Pháp luật – tư pháp – an ninh | C96: =COUNTIF('GDB 1866-1871'!$I:$I,$B96) -> 151 | D96: =C96/$C$111 -> 0.1679644
B97: Quân sự – chiến sự | C97: =COUNTIF('GDB 1866-1871'!$I:$I,$B97) -> 42 | D97: =C97/$C$111 -> 0.046718576
B98: Ngoại giao – quan hệ đối ngoại | C98: =COUNTIF('GDB 1866-1871'!$I:$I,$B98) -> 8 | D98: =C98/$C$111 -> 0.0088987764
B99: Kinh tế – tài chính – thương mại | C99: =COUNTIF('GDB 1866-1871'!$I:$I,$B99) -> 208 | D99: =C99/$C$111 -> 0.23136819
B100: Nông nghiệp – sản xuất – nghề nghiệp | C100: =COUNTIF('GDB 1866-1871'!$I:$I,$B100) -> 32 | D100: =C100/$C$111 -> 0.035595106
B101: Giao thông – tàu thuyền – liên lạc | C101: =COUNTIF('GDB 1866-1871'!$I:$I,$B101) -> 15 | D101: =C101/$C$111 -> 0.016685206
B102: Y tế – sức khỏe | C102: =COUNTIF('GDB 1866-1871'!$I:$I,$B102) -> 10 | D102: =C102/$C$111 -> 0.011123471
B103: Giáo dục – khoa cử | C103: =COUNTIF('GDB 1866-1871'!$I:$I,$B103) -> 34 | D103: =C103/$C$111 -> 0.0378198
B104: Văn hóa – xã hội – phong tục – đời sống | C104: =COUNTIF('GDB 1866-1871'!$I:$I,$B104) -> 104 | D104: =C104/$C$111 -> 0.11568409
B105: Tôn giáo – tín ngưỡng | C105: =COUNTIF('GDB 1866-1871'!$I:$I,$B105) -> 9 | D105: =C105/$C$111 -> 0.010011123
B106: Lịch sử – địa lý | C106: =COUNTIF('GDB 1866-1871'!$I:$I,$B106) -> 42 | D106: =C106/$C$111 -> 0.046718576
... B110: Đa chủ đề | C110: =COUNTIF('GDB 1866-1871'!$I:$I,$B110) -> 42 | D110: =C110/$C$111 -> 0.046718576
B111: Tổng | C111: =SUM(C95:C110) -> 899 | D111: =C111/$C$111 -> 1
...

Sheet TK bản thảo
B1: Thống kê theo bản thảo hội thảo – Gia Định Báo 1865–1871 | J1: Mẫu số phụ trợ
B2: So sánh Potteaux (45 số / 673 đv) vs Trương Vĩnh Ký (15 số / 201 đv); số Janneau (28) là ca chuyển tiếp bổ trợ. Công thức sống từ 'GDB 1866-1871' & 'KQ_SoBao'. | J2: Tạp vụ · Potteaux | K2: =COUNTIFS('GDB 1866-1871'!$R:$R,"Potteaux",'GDB 1866-1871'!$T:$T,"Tạp vụ") -> 359
B3: Bảng 1. Phân bố corpus 1865–1871 theo năm | J3: Tạp vụ · TVK | K3: =COUNTIFS('GDB 1866-1871'!$R:$R,"TVK",'GDB 1866-1871'!$T:$T,"Tạp vụ") -> 143
B4: Năm | C4: Số báo | D4: Có Công vụ | E4: Có Tạp vụ | F4: Có Giá chợ | G4: Đơn vị 3 mục | J4: Công vụ · Potteaux | K4: =COUNTIFS('GDB 1866-1871'!$R:$R,"Potteaux",'GDB 1866-1871'!$T:$T,"Công vụ") -> 217
B5: 1865 | C5: =COUNTIF(KQ_SoBao!$D:$D,$B5) -> 3 | D5: =SUMIFS(KQ_SoBao!$J:$J,KQ_SoBao!$D:$D,$B5) -> 3 | E5: =SUMIFS(KQ_SoBao!$K:$K,KQ_SoBao!$D:$D,$B5) -> 3 | F5: =SUMIFS(KQ_SoBao!$L:$L,KQ_SoBao!$D:$D,$B5) -> 1 | G5: =SUMIFS(KQ_SoBao!$I:$I,KQ_SoBao!$D:$D,$B5) -> 57 | J5: Công vụ · TVK | K5: =COUNTIFS('GDB 1866-1871'!$R:$R,"TVK",'GDB 1866-1871'!$T:$T,"Công vụ") -> 58
B6: 1866 | C6: =COUNTIF(KQ_SoBao!$D:$D,$B6) -> 10 | D6: =SUMIFS(KQ_SoBao!$J:$J,KQ_SoBao!$D:$D,$B6) -> 10 | E6: =SUMIFS(KQ_SoBao!$K:$K,KQ_SoBao!$D:$D,$B6) -> 8 | F6: =SUMIFS(KQ_SoBao!$L:$L,KQ_SoBao!$D:$D,$B6) -> 6 | G6: =SUMIFS(KQ_SoBao!$I:$I,KQ_SoBao!$D:$D,$B6) -> 164
B7: 1867 | C7: =COUNTIF(KQ_SoBao!$D:$D,$B7) -> 12 | D7: =SUMIFS(KQ_SoBao!$J:$J,KQ_SoBao!$D:$D,$B7) -> 12 | E7: =SUMIFS(KQ_SoBao!$K:$K,KQ_SoBao!$D:$D,$B7) -> 12 | F7: =SUMIFS(KQ_SoBao!$L:$L,KQ_SoBao!$D:$D,$B7) -> 12 | G7: =SUMIFS(KQ_SoBao!$I:$I,KQ_SoBao!$D:$D,$B7) -> 215
B8: 1868 | C8: =COUNTIF(KQ_SoBao!$D:$D,$B8) -> 7 | D8: =SUMIFS(KQ_SoBao!$J:$J,KQ_SoBao!$D:$D,$B8) -> 7 | E8: =SUMIFS(KQ_SoBao!$K:$K,KQ_SoBao!$D:$D,$B8) -> 7 | F8: =SUMIFS(KQ_SoBao!$L:$L,KQ_SoBao!$D:$D,$B8) -> 7 | G8: =SUMIFS(KQ_SoBao!$I:$I,KQ_SoBao!$D:$D,$B8) -> 112 | J8: Hình thức (Tạp vụ) | K8: Potteaux % | L8: TVK %
B9: 1869 | C9: =COUNTIF(KQ_SoBao!$D:$D,$B9) -> 16 | D9: =SUMIFS(KQ_SoBao!$J:$J,KQ_SoBao!$D:$D,$B9) -> 6 | E9: =SUMIFS(KQ_SoBao!$K:$K,KQ_SoBao!$D:$D,$B9) -> 14 | F9: =SUMIFS(KQ_SoBao!$L:$L,KQ_SoBao!$D:$D,$B9) -> 0 | G9: =SUMIFS(KQ_SoBao!$I:$I,KQ_SoBao!$D:$D,$B9) -> 163 | J9: =B23 -> Tin – tường thuật sự kiện | K9: =D23 -> 0.41504178 | L9: =F23 -> 0.44755245
B10: 1870 | C10: =COUNTIF(KQ_SoBao!$D:$D,$B10) -> 10 | D10: =SUMIFS(KQ_SoBao!$J:$J,KQ_SoBao!$D:$D,$B10) -> 10 | E10: =SUMIFS(KQ_SoBao!$K:$K,KQ_SoBao!$D:$D,$B10) -> 10 | F10: =SUMIFS(KQ_SoBao!$L:$L,KQ_SoBao!$D:$D,$B10) -> 0 | G10: =SUMIFS(KQ_SoBao!$I:$I,KQ_SoBao!$D:$D,$B10) -> 136 | J10: =B24 -> Tin tổng hợp | K10: =D24 -> 0.10306407 | L10: =F24 -> 0.048951049
B11: 1871 | C11: =COUNTIF(KQ_SoBao!$D:$D,$B11) -> 3 | D11: =SUMIFS(KQ_SoBao!$J:$J,KQ_SoBao!$D:$D,$B11) -> 3 | E11: =SUMIFS(KQ_SoBao!$K:$K,KQ_SoBao!$D:$D,$B11) -> 3 | F11: =SUMIFS(KQ_SoBao!$L:$L,KQ_SoBao!$D:$D,$B11) -> 0 | G11: =SUMIFS(KQ_SoBao!$I:$I,KQ_SoBao!$D:$D,$B11) -> 41 | J11: =B25 -> Văn bản công quyền – quy phạm – quyết định | K11: =D25 -> 0.022284123 | L11: =F25 -> 0
B12: Tổng | C12: =SUM(C5:C11) -> 61 | D12: =SUM(D5:D11) -> 51 | E12: =SUM(E5:E11) -> 57 | F12: =SUM(F5:F11) -> 26 | G12: =SUM(G5:G11) -> 888 | J12: =B26 -> Thông báo – yết thị | K12: =D26 -> 0.038997214 | L12: =F26 -> 0.027972028
J13: =B27 -> Lời rao – quảng cáo – đấu giá – đấu thầu | K13: =D27 -> 0.036211699 | L13: =F27 -> 0.041958042
B14: Bảng 2. Các chỉ báo chính theo giai đoạn Potteaux & Trương Vĩnh Ký | J14: =B28 -> Bảng giá – bảng kê – danh sách – thống kê | K14: =D28 -> 0.091922006 | L14: =F28 -> 0.12587413
B15: Chuyên mục | C15: Potteaux n | D15: TB/số | E15: Tỷ trọng | F15: TVK n | G15: TB/số | H15: Tỷ trọng | J15: =B29 -> Bài tri thức – khảo cứu – giải thích | K15: =D29 -> 0.075208914 | L15: =F29 -> 0.20979021
B16: Công vụ | C16: =COUNTIFS('GDB 1866-1871'!$R:$R,"Potteaux",'GDB 1866-1871'!$T:$T,$B16) -> 217 | D16: =C16/COUNTIF(KQ_SoBao!$A:$A,"Potteaux") -> 4.8222222 | E16: =C16/$C$19 -> 0.32243685 | F16: =COUNTIFS('GDB 1866-1871'!$R:$R,"TVK",'GDB 1866-1871'!$T:$T,$B16) -> 58 | G16: =F16/COUNTIF(KQ_SoBao!$A:$A,"TVK") -> 3.8666667 | H16: =F16/$F$19 -> 0.28855721 | J16: =B30 -> Nghị luận – bình luận – khuyến dụ – giáo huấn | K16: =D30 -> 0.050139276 | L16: =F30 -> 0.083916084
B17: Tạp vụ | C17: =COUNTIFS('GDB 1866-1871'!$R:$R,"Potteaux",'GDB 1866-1871'!$T:$T,$B17) -> 359 | D17: =C17/COUNTIF(KQ_SoBao!$A:$A,"Potteaux") -> 7.9777778 | E17: =C17/$C$19 -> 0.53343239 | F17: =COUNTIFS('GDB 1866-1871'!$R:$R,"TVK",'GDB 1866-1871'!$T:$T,$B17) -> 143 | G17: =F17/COUNTIF(KQ_SoBao!$A:$A,"TVK") -> 9.5333333 | H17: =F17/$F$19 -> 0.71144279 | J17: =B31 -> Truyện – văn chương | K17: =D31 -> 0.1281337 | L17: =F31 -> 0.006993007
B18: Giá chợ | C18: =COUNTIFS('GDB 1866-1871'!$R:$R,"Potteaux",'GDB 1866-1871'!$T:$T,$B18) -> 97 | D18: =C18/COUNTIF(KQ_SoBao!$A:$A,"Potteaux") -> 2.1555556 | E18: =C18/$C$19 -> 0.14413076 | F18: =COUNTIFS('GDB 1866-1871'!$R:$R,"TVK",'GDB 1866-1871'!$T:$T,$B18) -> 0 | G18: =F18/COUNTIF(KQ_SoBao!$A:$A,"TVK") -> 0 | H18: =F18/$F$19 -> 0 | J18: =B32 -> Thư từ – văn thư – báo cáo đăng nguyên dạng | K18: =D32 -> 0.022284123 | L18: =F32 -> 0.006993007
B19: Tổng | C19: =SUM(C16:C18) -> 673 | D19: =C19/COUNTIF(KQ_SoBao!$A:$A,"Potteaux") -> 14.955556 | E19: =C19/$C$19 -> 1 | F19: =SUM(F16:F18) -> 201 | G19: =F19/COUNTIF(KQ_SoBao!$A:$A,"TVK") -> 13.4 | H19: =F19/$F$19 -> 1 | J19: =B33 -> Hỏi đáp – bảng hỏi – đối thoại – phỏng vấn | K19: =D33 -> 0.016713092 | L19: =F33 -> 0
B21: Bảng 3. Hình thức chính trong Tạp vụ theo hai giai đoạn | J21: Nội dung (Tạp vụ) | K21: Potteaux % | L21: TVK %
B22: Hình thức chính (Tạp vụ) | C22: Potteaux n | D22: % | E22: TVK n | F22: % | J22: =B38 -> Chính trị – hành chính | K22: =D38 -> 0.044568245 | L22: =F38 -> 0.020979021
B23: ='Kết quả'!B80 -> Tin – tường thuật sự kiện | C23: =COUNTIFS('GDB 1866-1871'!$R:$R,"Potteaux",'GDB 1866-1871'!$T:$T,"Tạp vụ",'GDB 1866-1871'!$G:$G,$B23) -> 149 | D23: =C23/$K$2 -> 0.41504178 | E23: =COUNTIFS('GDB 1866-1871'!$R:$R,"TVK",'GDB 1866-1871'!$T:$T,"Tạp vụ",'GDB 1866-1871'!$G:$G,$B23) -> 64 | F23: =E23/$K$3 -> 0.44755245 | J23: =B39 -> Pháp luật – tư pháp – an ninh | K23: =D39 -> 0.13927577 | L23: =F39 -> 0.090909091
B24: ='Kết quả'!B81 -> Tin tổng hợp | C24: =COUNTIFS('GDB 1866-1871'!$R:$R,"Potteaux",'GDB 1866-1871'!$T:$T,"Tạp vụ",'GDB 1866-1871'!$G:$G,$B24) -> 37 | D24: =C24/$K$2 -> 0.10306407 | E24: =COUNTIFS('GDB 1866-1871'!$R:$R,"TVK",'GDB 1866-1871'!$T:$T,"Tạp vụ",'GDB 1866-1871'!$G:$G,$B24) -> 7 | F24: =E24/$K$3 -> 0.048951049 | J24: =B40 -> Quân sự – chiến sự | K24: =D40 -> 0.094707521 | L24: =F40 -> 0
B25: ='Kết quả'!B82 -> Văn bản công quyền – quy phạm – quyết định | C25: =COUNTIFS('GDB 1866-1871'!$R:$R,"Potteaux",'GDB 1866-1871'!$T:$T,"Tạp vụ",'GDB 1866-1871'!$G:$G,$B25) -> 8 | D25: =C25/$K$2 -> 0.022284123 | E25: =COUNTIFS('GDB 1866-1871'!$R:$R,"TVK",'GDB 1866-1871'!$T:$T,"Tạp vụ",'GDB 1866-1871'!$G:$G,$B25) -> 0 | F25: =E25/$K$3 -> 0 | J25: =B41 -> Ngoại giao – quan hệ đối ngoại | K25: =D41 -> 0.019498607 | L25: =F41 -> 0
B26: ='Kết quả'!B83 -> Thông báo – yết thị | C26: =COUNTIFS('GDB 1866-1871'!$R:$R,"Potteaux",'GDB 1866-1871'!$T:$T,"Tạp vụ",'GDB 1866-1871'!$G:$G,$B26) -> 14 | D26: =C26/$K$2 -> 0.038997214 | E26: =COUNTIFS('GDB 1866-1871'!$R:$R,"TVK",'GDB 1866-1871'!$T:$T,"Tạp vụ",'GDB 1866-1871'!$G:$G,$B26) -> 4 | F26: =E26/$K$3 -> 0.027972028 | J26: =B42 -> Kinh tế – tài chính – thương mại | K26: =D42 -> 0.15041783 | L26: =F42 -> 0.12587413
B27: ='Kết quả'!B84 -> Lời rao – quảng cáo – đấu giá – đấu thầu | C27: =COUNTIFS('GDB 1866-1871'!$R:$R,"Potteaux",'GDB 1866-1871'!$T:$T,"Tạp vụ",'GDB 1866-1871'!$G:$G,$B27) -> 13 | D27: =C27/$K$2 -> 0.036211699 | E27: =COUNTIFS('GDB 1866-1871'!$R:$R,"TVK",'GDB 1866-1871'!$T:$T,"Tạp vụ",'GDB 1866-1871'!$G:$G,$B27) -> 6 | F27: =E27/$K$3 -> 0.041958042 | J27: =B43 -> Nông nghiệp – sản xuất – nghề nghiệp | K27: =D43 -> 0.036211699 | L27: =F43 -> 0.020979021
B28: ='Kết quả'!B85 -> Bảng giá – bảng kê – danh sách – thống kê | C28: =COUNTIFS('GDB 1866-1871'!$R:$R,"Potteaux",'GDB 1866-1871'!$T:$T,"Tạp vụ",'GDB 1866-1871'!$G:$G,$B28) -> 33 | D28: =C28/$K$2 -> 0.091922006 | E28: =COUNTIFS('GDB 1866-1871'!$R:$R,"TVK",'GDB 1866-1871'!$T:$T,"Tạp vụ",'GDB 1866-1871'!$G:$G,$B28) -> 18 | F28: =E28/$K$3 -> 0.12587413 | J28: =B44 -> Giao thông – tàu thuyền – liên lạc | K28: =D44 -> 0.0055710306 | L28: =F44 -> 0.041958042
B29: ='Kết quả'!B86 -> Bài tri thức – khảo cứu – giải thích | C29: =COUNTIFS('GDB 1866-1871'!$R:$R,"Potteaux",'GDB 1866-1871'!$T:$T,"Tạp vụ",'GDB 1866-1871'!$G:$G,$B29) -> 27 | D29: =C29/$K$2 -> 0.075208914 | E29: =COUNTIFS('GDB 1866-1871'!$R:$R,"TVK",'GDB 1866-1871'!$T:$T,"Tạp vụ",'GDB 1866-1871'!$G:$G,$B29) -> 30 | F29: =E29/$K$3 -> 0.20979021 | J29: =B45 -> Y tế – sức khỏe | K29: =D45 -> 0.013927577 | L29: =F45 -> 0
B30: ='Kết quả'!B87 -> Nghị luận – bình luận – khuyến dụ – giáo huấn | C30: =COUNTIFS('GDB 1866-1871'!$R:$R,"Potteaux",'GDB 1866-1871'!$T:$T,"Tạp vụ",'GDB 1866-1871'!$G:$G,$B30) -> 18 | D30: =C30/$K$2 -> 0.050139276 | E30: =COUNTIFS('GDB 1866-1871'!$R:$R,"TVK",'GDB 1866-1871'!$T:$T,"Tạp vụ",'GDB 1866-1871'!$G:$G,$B30) -> 12 | F30: =E30/$K$3 -> 0.083916084 | J30: =B46 -> Giáo dục – khoa cử | K30: =D46 -> 0.04178273 | L30: =F46 -> 0.006993007
B31: ='Kết quả'!B88 -> Truyện – văn chương | C31: =COUNTIFS('GDB 1866-1871'!$R:$R,"Potteaux",'GDB 1866-1871'!$T:$T,"Tạp vụ",'GDB 1866-1871'!$G:$G,$B31) -> 46 | D31: =C31/$K$2 -> 0.1281337 | E31: =COUNTIFS('GDB 1866-1871'!$R:$R,"TVK",'GDB 1866-1871'!$T:$T,"Tạp vụ",'GDB 1866-1871'!$G:$G,$B31) -> 1 | F31: =E31/$K$3 -> 0.006993007 | J31: =B47 -> Văn hóa – xã hội – phong tục – đời sống | K31: =D47 -> 0.18384401 | L31: =F47 -> 0.16783217
B32: ='Kết quả'!B89 -> Thư từ – văn thư – báo cáo đăng nguyên dạng | C32: =COUNTIFS('GDB 1866-1871'!$R:$R,"Potteaux",'GDB 1866-1871'!$T:$T,"Tạp vụ",'GDB 1866-1871'!$G:$G,$B32) -> 8 | D32: =C32/$K$2 -> 0.022284123 | E32: =COUNTIFS('GDB 1866-1871'!$R:$R,"TVK",'GDB 1866-1871'!$T:$T,"Tạp vụ",'GDB 1866-1871'!$G:$G,$B32) -> 1 | F32: =E32/$K$3 -> 0.006993007 | J32: =B48 -> Tôn giáo – tín ngưỡng | K32: =D48 -> 0.011142061 | L32: =F48 -> 0.013986014
B33: ='Kết quả'!B90 -> Hỏi đáp – bảng hỏi – đối thoại – phỏng vấn | C33: =COUNTIFS('GDB 1866-1871'!$R:$R,"Potteaux",'GDB 1866-1871'!$T:$T,"Tạp vụ",'GDB 1866-1871'!$G:$G,$B33) -> 6 | D33: =C33/$K$2 -> 0.016713092 | E33: =COUNTIFS('GDB 1866-1871'!$R:$R,"TVK",'GDB 1866-1871'!$T:$T,"Tạp vụ",'GDB 1866-1871'!$G:$G,$B33) -> 0 | F33: =E33/$K$3 -> 0 | J33: =B49 -> Lịch sử – địa lý | K33: =D49 -> 0.04735376 | L33: =F49 -> 0.15384615
B34: Tổng | C34: =SUM(C23:C33) -> 359 | D34: =C34/$K$2 -> 1 | E34: =SUM(E23:E33) -> 143 | F34: =E34/$K$3 -> 1 | J34: =B50 -> Khoa học – kỹ thuật | K34: =D50 -> 0.016713092 | L34: =F50 -> 0.006993007
J35: =B51 -> Tai nạn – thiên tai – sự cố | K35: =D51 -> 0.091922006 | L35: =F51 -> 0.27972028
B36: Bảng 4. Nội dung chính trong Tạp vụ theo hai giai đoạn | J36: =B52 -> Báo chí – xuất bản – truyền thông | K36: =D52 -> 0.013927577 | L36: =F52 -> 0.041958042
B37: Nội dung chính (Tạp vụ) | C37: Potteaux n | D37: % | E37: TVK n | F37: % | J37: =B53 -> Đa chủ đề | K37: =D53 -> 0.08913649 | L37: =F53 -> 0.027972028
B38: ='Kết quả'!B95 -> Chính trị – hành chính | C38: =COUNTIFS('GDB 1866-1871'!$R:$R,"Potteaux",'GDB 1866-1871'!$T:$T,"Tạp vụ",'GDB 1866-1871'!$I:$I,$B38) -> 16 | D38: =C38/$K$2 -> 0.044568245 | E38: =COUNTIFS('GDB 1866-1871'!$R:$R,"TVK",'GDB 1866-1871'!$T:$T,"Tạp vụ",'GDB 1866-1871'!$I:$I,$B38) -> 3 | F38: =E38/$K$3 -> 0.020979021
B39: ='Kết quả'!B96 -> Pháp luật – tư pháp – an ninh | C39: =COUNTIFS('GDB 1866-1871'!$R:$R,"Potteaux",'GDB 1866-1871'!$T:$T,"Tạp vụ",'GDB 1866-1871'!$I:$I,$B39) -> 50 | D39: =C39/$K$2 -> 0.13927577 | E39: =COUNTIFS('GDB 1866-1871'!$R:$R,"TVK",'GDB 1866-1871'!$T:$T,"Tạp vụ",'GDB 1866-1871'!$I:$I,$B39) -> 13 | F39: =E39/$K$3 -> 0.090909091 | J39: Chuyên mục | K39: Potteaux | L39: TVK
B40: ='Kết quả'!B97 -> Quân sự – chiến sự | C40: =COUNTIFS('GDB 1866-1871'!$R:$R,"Potteaux",'GDB 1866-1871'!$T:$T,"Tạp vụ",'GDB 1866-1871'!$I:$I,$B40) -> 34 | D40: =C40/$K$2 -> 0.094707521 | E40: =COUNTIFS('GDB 1866-1871'!$R:$R,"TVK",'GDB 1866-1871'!$T:$T,"Tạp vụ",'GDB 1866-1871'!$I:$I,$B40) -> 0 | F40: =E40/$K$3 -> 0 | J40: =B16 -> Công vụ | K40: =E16 -> 0.32243685 | L40: =H16 -> 0.28855721
B41: ='Kết quả'!B98 -> Ngoại giao – quan hệ đối ngoại | C41: =COUNTIFS('GDB 1866-1871'!$R:$R,"Potteaux",'GDB 1866-1871'!$T:$T,"Tạp vụ",'GDB 1866-1871'!$I:$I,$B41) -> 7 | D41: =C41/$K$2 -> 0.019498607 | E41: =COUNTIFS('GDB 1866-1871'!$R:$R,"TVK",'GDB 1866-1871'!$T:$T,"Tạp vụ",'GDB 1866-1871'!$I:$I,$B41) -> 0 | F41: =E41/$K$3 -> 0 | J41: =B17 -> Tạp vụ | K41: =E17 -> 0.53343239 | L41: =H17 -> 0.71144279
B42: ='Kết quả'!B99 -> Kinh tế – tài chính – thương mại | C42: =COUNTIFS('GDB 1866-1871'!$R:$R,"Potteaux",'GDB 1866-1871'!$T:$T,"Tạp vụ",'GDB 1866-1871'!$I:$I,$B42) -> 54 | D42: =C42/$K$2 -> 0.15041783 | E42: =COUNTIFS('GDB 1866-1871'!$R:$R,"TVK",'GDB 1866-1871'!$T:$T,"Tạp vụ",'GDB 1866-1871'!$I:$I,$B42) -> 18 | F42: =E42/$K$3 -> 0.12587413 | J42: =B18 -> Giá chợ | K42: =E18 -> 0.14413076 | L42: =H18 -> 0
B43: ='Kết quả'!B100 -> Nông nghiệp – sản xuất – nghề nghiệp | C43: =COUNTIFS('GDB 1866-1871'!$R:$R,"Potteaux",'GDB 1866-1871'!$T:$T,"Tạp vụ",'GDB 1866-1871'!$I:$I,$B43) -> 13 | D43: =C43/$K$2 -> 0.036211699 | E43: =COUNTIFS('GDB 1866-1871'!$R:$R,"TVK",'GDB 1866-1871'!$T:$T,"Tạp vụ",'GDB 1866-1871'!$I:$I,$B43) -> 3 | F43: =E43/$K$3 -> 0.020979021
B44: ='Kết quả'!B101 -> Giao thông – tàu thuyền – liên lạc | C44: =COUNTIFS('GDB 1866-1871'!$R:$R,"Potteaux",'GDB 1866-1871'!$T:$T,"Tạp vụ",'GDB 1866-1871'!$I:$I,$B44) -> 2 | D44: =C44/$K$2 -> 0.0055710306 | E44: =COUNTIFS('GDB 1866-1871'!$R:$R,"TVK",'GDB 1866-1871'!$T:$T,"Tạp vụ",'GDB 1866-1871'!$I:$I,$B44) -> 6 | F44: =E44/$K$3 -> 0.041958042
B45: ='Kết quả'!B102 -> Y tế – sức khỏe | C45: =COUNTIFS('GDB 1866-1871'!$R:$R,"Potteaux",'GDB 1866-1871'!$T:$T,"Tạp vụ",'GDB 1866-1871'!$I:$I,$B45) -> 5 | D45: =C45/$K$2 -> 0.013927577 | E45: =COUNTIFS('GDB 1866-1871'!$R:$R,"TVK",'GDB 1866-1871'!$T:$T,"Tạp vụ",'GDB 1866-1871'!$I:$I,$B45) -> 0 | F45: =E45/$K$3 -> 0 | J45: Nhan đề gốc | K45: Potteaux % | L45: TVK %
B46: ='Kết quả'!B103 -> Giáo dục – khoa cử | C46: =COUNTIFS('GDB 1866-1871'!$R:$R,"Potteaux",'GDB 1866-1871'!$T:$T,"Tạp vụ",'GDB 1866-1871'!$I:$I,$B46) -> 15 | D46: =C46/$K$2 -> 0.04178273 | E46: =COUNTIFS('GDB 1866-1871'!$R:$R,"TVK",'GDB 1866-1871'!$T:$T,"Tạp vụ",'GDB 1866-1871'!$I:$I,$B46) -> 1 | F46: =E46/$K$3 -> 0.006993007 | J46: =B58 -> Công vụ | K46: =E58 -> 0.21198157 | L46: =H58 -> 0.46551724
B47: ='Kết quả'!B104 -> Văn hóa – xã hội – phong tục – đời sống | C47: =COUNTIFS('GDB 1866-1871'!$R:$R,"Potteaux",'GDB 1866-1871'!$T:$T,"Tạp vụ",'GDB 1866-1871'!$I:$I,$B47) -> 66 | D47: =C47/$K$2 -> 0.18384401 | E47: =COUNTIFS('GDB 1866-1871'!$R:$R,"TVK",'GDB 1866-1871'!$T:$T,"Tạp vụ",'GDB 1866-1871'!$I:$I,$B47) -> 24 | F47: =E47/$K$3 -> 0.16783217 | J47: =B59 -> Tạp vụ | K47: =E59 -> 0.37325905 | L47: =H59 -> 0.79020979
B48: ='Kết quả'!B105 -> Tôn giáo – tín ngưỡng | C48: =COUNTIFS('GDB 1866-1871'!$R:$R,"Potteaux",'GDB 1866-1871'!$T:$T,"Tạp vụ",'GDB 1866-1871'!$I:$I,$B48) -> 4 | D48: =C48/$K$2 -> 0.011142061 | E48: =COUNTIFS('GDB 1866-1871'!$R:$R,"TVK",'GDB 1866-1871'!$T:$T,"Tạp vụ",'GDB 1866-1871'!$I:$I,$B48) -> 2 | F48: =E48/$K$3 -> 0.013986014 | J48: =B60 -> Công vụ + Tạp vụ | K48: =E60 -> 0.3125 | L48: =H60 -> 0.69651741
B49: ='Kết quả'!B106 -> Lịch sử – địa lý | C49: =COUNTIFS('GDB 1866-1871'!$R:$R,"Potteaux",'GDB 1866-1871'!$T:$T,"Tạp vụ",'GDB 1866-1871'!$I:$I,$B49) -> 17 | D49: =C49/$K$2 -> 0.04735376 | E49: =COUNTIFS('GDB 1866-1871'!$R:$R,"TVK",'GDB 1866-1871'!$T:$T,"Tạp vụ",'GDB 1866-1871'!$I:$I,$B49) -> 22 | F49: =E49/$K$3 -> 0.15384615
B50: ='Kết quả'!B107 -> Khoa học – kỹ thuật | C50: =COUNTIFS('GDB 1866-1871'!$R:$R,"Potteaux",'GDB 1866-1871'!$T:$T,"Tạp vụ",'GDB 1866-1871'!$I:$I,$B50) -> 6 | D50: =C50/$K$2 -> 0.016713092 | E50: =COUNTIFS('GDB 1866-1871'!$R:$R,"TVK",'GDB 1866-1871'!$T:$T,"Tạp vụ",'GDB 1866-1871'!$I:$I,$B50) -> 1 | F50: =E50/$K$3 -> 0.006993007
B51: ='Kết quả'!B108 -> Tai nạn – thiên tai – sự cố | C51: =COUNTIFS('GDB 1866-1871'!$R:$R,"Potteaux",'GDB 1866-1871'!$T:$T,"Tạp vụ",'GDB 1866-1871'!$I:$I,$B51) -> 33 | D51: =C51/$K$2 -> 0.091922006 | E51: =COUNTIFS('GDB 1866-1871'!$R:$R,"TVK",'GDB 1866-1871'!$T:$T,"Tạp vụ",'GDB 1866-1871'!$I:$I,$B51) -> 40 | F51: =E51/$K$3 -> 0.27972028
B52: ='Kết quả'!B109 -> Báo chí – xuất bản – truyền thông | C52: =COUNTIFS('GDB 1866-1871'!$R:$R,"Potteaux",'GDB 1866-1871'!$T:$T,"Tạp vụ",'GDB 1866-1871'!$I:$I,$B52) -> 5 | D52: =C52/$K$2 -> 0.013927577 | E52: =COUNTIFS('GDB 1866-1871'!$R:$R,"TVK",'GDB 1866-1871'!$T:$T,"Tạp vụ",'GDB 1866-1871'!$I:$I,$B52) -> 6 | F52: =E52/$K$3 -> 0.041958042
B53: ='Kết quả'!B110 -> Đa chủ đề | C53: =COUNTIFS('GDB 1866-1871'!$R:$R,"Potteaux",'GDB 1866-1871'!$T:$T,"Tạp vụ",'GDB 1866-1871'!$I:$I,$B53) -> 32 | D53: =C53/$K$2 -> 0.08913649 | E53: =COUNTIFS('GDB 1866-1871'!$R:$R,"TVK",'GDB 1866-1871'!$T:$T,"Tạp vụ",'GDB 1866-1871'!$I:$I,$B53) -> 4 | F53: =E53/$K$3 -> 0.027972028
B54: Tổng | C54: =SUM(C38:C53) -> 359 | D54: =C54/$K$2 -> 1 | E54: =SUM(E38:E53) -> 143 | F54: =E54/$K$3 -> 1
B56: Bảng 5. Tỷ lệ đơn vị có nhan đề gốc trong Công vụ và Tạp vụ
B57: Chuyên mục | C57: Potteaux có NĐ | D57: Tổng | E57: Tỷ lệ | F57: TVK có NĐ | G57: Tổng | H57: Tỷ lệ
B58: Công vụ | C58: =COUNTIFS('GDB 1866-1871'!$R:$R,"Potteaux",'GDB 1866-1871'!$T:$T,$B58)-COUNTIFS('GDB 1866-1871'!$R:$R,"Potteaux",'GDB 1866-1871'!$T:$T,$B58,'GDB 1866-1871'!$E:$E,"Không có")-COUNTIFS('GDB 1866-1871'!$R:$R,"Potteaux",'GDB 1866-1871'!$T:$T,$B58,'GDB 1866-1871'!$E:$E,"") -> 46 | D58: =COUNTIFS('GDB 1866-1871'!$R:$R,"Potteaux",'GDB 1866-1871'!$T:$T,$B58) -> 217 | E58: =C58/D58 -> 0.21198157 | F58: =COUNTIFS('GDB 1866-1871'!$R:$R,"TVK",'GDB 1866-1871'!$T:$T,$B58)-COUNTIFS('GDB 1866-1871'!$R:$R,"TVK",'GDB 1866-1871'!$T:$T,$B58,'GDB 1866-1871'!$E:$E,"Không có")-COUNTIFS('GDB 1866-1871'!$R:$R,"TVK",'GDB 1866-1871'!$T:$T,$B58,'GDB 1866-1871'!$E:$E,"") -> 27 | G58: =COUNTIFS('GDB 1866-1871'!$R:$R,"TVK",'GDB 1866-1871'!$T:$T,$B58) -> 58 | H58: =F58/G58 -> 0.46551724
B59: Tạp vụ | C59: =COUNTIFS('GDB 1866-1871'!$R:$R,"Potteaux",'GDB 1866-1871'!$T:$T,$B59)-COUNTIFS('GDB 1866-1871'!$R:$R,"Potteaux",'GDB 1866-1871'!$T:$T,$B59,'GDB 1866-1871'!$E:$E,"Không có")-COUNTIFS('GDB 1866-1871'!$R:$R,"Potteaux",'GDB 1866-1871'!$T:$T,$B59,'GDB 1866-1871'!$E:$E,"") -> 134 | D59: =COUNTIFS('GDB 1866-1871'!$R:$R,"Potteaux",'GDB 1866-1871'!$T:$T,$B59) -> 359 | E59: =C59/D59 -> 0.37325905 | F59: =COUNTIFS('GDB 1866-1871'!$R:$R,"TVK",'GDB 1866-1871'!$T:$T,$B59)-COUNTIFS('GDB 1866-1871'!$R:$R,"TVK",'GDB 1866-1871'!$T:$T,$B59,'GDB 1866-1871'!$E:$E,"Không có")-COUNTIFS('GDB 1866-1871'!$R:$R,"TVK",'GDB 1866-1871'!$T:$T,$B59,'GDB 1866-1871'!$E:$E,"") -> 113 | G59: =COUNTIFS('GDB 1866-1871'!$R:$R,"TVK",'GDB 1866-1871'!$T:$T,$B59) -> 143 | H59: =F59/G59 -> 0.79020979
B60: Công vụ + Tạp vụ | C60: =C58+C59 -> 180 | D60: =D58+D59 -> 576 | E60: =C60/D60 -> 0.3125 | F60: =F58+F59 -> 140 | G60: =G58+G59 -> 201 | H60: =F60/G60 -> 0.69651741

Sheet Kết quả (đề xuất)
B1: KẾ T QUẢ (đề xuất) – Gia Định Báo 1865–1871
B2: Cách trình bày kết quả bám 3 câu hỏi nghiên cứu; đo độ lớn thay đổi bằng Đ (điểm %) & tỉ số; bổ sung so sánh 3 pha và dòng thời gian 1869 để tách mốc thể chế khỏi mốc biến đổi nội dung.
B4: Câu hỏi 1 – Cấu trúc: Công vụ–Tạp vụ–Giá chợ biến đổi ra sao quanh mốc 1869?
B5: Câu hỏi 2 – Hình thức: cơ cấu hình thức Công vụ & Tạp vụ khác nhau thế nào?
B6: Câu hỏi 3 – Nội dung & thời điểm: Tạp vụ tái phân bố chủ đề ra sao; “phong phú hóa” hiểu theo nghĩa nào?
B8: A. Chỉ báo tổng hợp: Potteaux vs Trương Vĩnh Ký
B9: Chỉ báo | C9: Potteaux | D9: TVK | E9: Đ (TVK − Pott)
B10: Số số báo | C10: =COUNTIF(KQ_SoBao!$A:$A,"Potteaux") -> 45 | D10: =COUNTIF(KQ_SoBao!$A:$A,"TVK") -> 15 | E10: =D10-C10 -> -30
B11: Đơn vị 3 mục | C11: ='TK bản thảo'!C19 -> 673 | D11: ='TK bản thảo'!F19 -> 201 | E11: =D11-C11 -> -472
B12: Mật độ 3 mục (đv/số) | C12: ='TK bản thảo'!D19 -> 14.955556 | D12: ='TK bản thảo'!G19 -> 13.4 | E12: =D12-C12 -> -1.5555556
B13: Mật độ Công vụ+Tạp vụ (đv/số) | C13: =('TK bản thảo'!C16+'TK bản thảo'!C17)/C10 -> 12.8 | D13: =('TK bản thảo'!F16+'TK bản thảo'!F17)/D10 -> 13.4 | E13: =D13-C13 -> 0.6
B14: Tỷ trọng Tạp vụ (trong 3 mục) | C14: ='TK bản thảo'!E17 -> 0.53343239 | D14: ='TK bản thảo'!H17 -> 0.71144279 | E14: =D14-C14 -> 0.17801039
B15: Mật độ Công vụ (đv/số) | C15: ='TK bản thảo'!D16 -> 4.8222222 | D15: ='TK bản thảo'!G16 -> 3.8666667 | E15: =D15-C15 -> -0.95555556
B16: Hiện diện Công vụ (% số báo) | C16: =SUMIFS(KQ_SoBao!$J:$J,KQ_SoBao!$A:$A,"Potteaux")/C10 -> 0.77777778 | D16: =SUMIFS(KQ_SoBao!$J:$J,KQ_SoBao!$A:$A,"TVK")/D10 -> 1 | E16: =D16-C16 -> 0.22222222
B17: Nhan đề gốc Công vụ+Tạp vụ (%) | C17: ='TK bản thảo'!E60 -> 0.3125 | D17: ='TK bản thảo'!H60 -> 0.69651741 | E17: =D17-C17 -> 0.38401741
B19: B. Tạp vụ – tái phân bố Hình thức (% trong Tạp vụ mỗi giai đoạn)
B20: Hình thức chính | C20: Potteaux % | D20: TVK % | E20: Đ (điểm %) | F20: Tỉ số TVK/Pott
B21: ='TK bản thảo'!B23 -> Tin – tường thuật sự kiện | C21: ='TK bản thảo'!D23 -> 0.41504178 | D21: ='TK bản thảo'!F23 -> 0.44755245 | E21: =D21-C21 -> 0.032510665 | F21: =IF(C21=0,"–",D21/C21) -> 1.0783311
B22: ='TK bản thảo'!B24 -> Tin tổng hợp | C22: ='TK bản thảo'!D24 -> 0.10306407 | D22: ='TK bản thảo'!F24 -> 0.048951049 | E22: =D22-C22 -> -0.054113018 | F22: =IF(C22=0,"–",D22/C22) -> 0.47495747
B23: ='TK bản thảo'!B25 -> Văn bản công quyền – quy phạm – quyết định | C23: ='TK bản thảo'!D25 -> 0.022284123 | D23: ='TK bản thảo'!F25 -> 0 | E23: =D23-C23 -> -0.022284123 | F23: =IF(C23=0,"–",D23/C23) -> 0
B24: ='TK bản thảo'!B26 -> Thông báo – yết thị | C24: ='TK bản thảo'!D26 -> 0.038997214 | D24: ='TK bản thảo'!F26 -> 0.027972028 | E24: =D24-C24 -> -0.011025187 | F24: =IF(C24=0,"–",D24/C24) -> 0.71728272
B25: ='TK bản thảo'!B27 -> Lời rao – quảng cáo – đấu giá – đấu thầu | C25: ='TK bản thảo'!D27 -> 0.036211699 | D25: ='TK bản thảo'!F27 -> 0.041958042 | E25: =D25-C25 -> 0.0057463428 | F25: =IF(C25=0,"–",D25/C25) -> 1.1586875
B26: ='TK bản thảo'!B28 -> Bảng giá – bảng kê – danh sách – thống kê | C26: ='TK bản thảo'!D28 -> 0.091922006 | D26: ='TK bản thảo'!F28 -> 0.12587413 | E26: =D26-C26 -> 0.03395212 | F26: =IF(C26=0,"–",D26/C26) -> 1.3693579
B27: ='TK bản thảo'!B29 -> Bài tri thức – khảo cứu – giải thích | C27: ='TK bản thảo'!D29 -> 0.075208914 | D27: ='TK bản thảo'!F29 -> 0.20979021 | E27: =D27-C27 -> 0.1345813 | F27: =IF(C27=0,"–",D27/C27) -> 2.7894328
B28: ='TK bản thảo'!B30 -> Nghị luận – bình luận – khuyến dụ – giáo huấn | C28: ='TK bản thảo'!D30 -> 0.050139276 | D28: ='TK bản thảo'!F30 -> 0.083916084 | E28: =D28-C28 -> 0.033776808 | F28: =IF(C28=0,"–",D28/C28) -> 1.6736597
B29: ='TK bản thảo'!B31 -> Truyện – văn chương | C29: ='TK bản thảo'!D31 -> 0.1281337 | D29: ='TK bản thảo'!F31 -> 0.006993007 | E29: =D29-C29 -> -0.1211407 | F29: =IF(C29=0,"–",D29/C29) -> 0.054575859
B30: ='TK bản thảo'!B32 -> Thư từ – văn thư – báo cáo đăng nguyên dạng | C30: ='TK bản thảo'!D32 -> 0.022284123 | D30: ='TK bản thảo'!F32 -> 0.006993007 | E30: =D30-C30 -> -0.015291116 | F30: =IF(C30=0,"–",D30/C30) -> 0.31381119
B31: ='TK bản thảo'!B33 -> Hỏi đáp – bảng hỏi – đối thoại – phỏng vấn | C31: ='TK bản thảo'!D33 -> 0.016713092 | D31: ='TK bản thảo'!F33 -> 0 | E31: =D31-C31 -> -0.016713092 | F31: =IF(C31=0,"–",D31/C31) -> 0
B33: C. Tạp vụ – tái phân bố Nội dung (% trong Tạp vụ mỗi giai đoạn)
B34: Nội dung chính | C34: Potteaux % | D34: TVK % | E34: Đ (điểm %) | F34: Tỉ số TVK/Pott
B35: ='TK bản thảo'!B38 -> Chính trị – hành chính | C35: ='TK bản thảo'!D38 -> 0.044568245 | D35: ='TK bản thảo'!F38 -> 0.020979021 | E35: =D35-C35 -> -0.023589224 | F35: =IF(C35=0,"–",D35/C35) -> 0.47071678
B36: ='TK bản thảo'!B39 -> Pháp luật – tư pháp – an ninh | C36: ='TK bản thảo'!D39 -> 0.13927577 | D36: ='TK bản thảo'!F39 -> 0.090909091 | E36: =D36-C36 -> -0.048366675 | F36: =IF(C36=0,"–",D36/C36) -> 0.65272727
B37: ='TK bản thảo'!B40 -> Quân sự – chiến sự | C37: ='TK bản thảo'!D40 -> 0.094707521 | D37: ='TK bản thảo'!F40 -> 0 | E37: =D37-C37 -> -0.094707521 | F37: =IF(C37=0,"–",D37/C37) -> 0
B38: ='TK bản thảo'!B41 -> Ngoại giao – quan hệ đối ngoại | C38: ='TK bản thảo'!D41 -> 0.019498607 | D38: ='TK bản thảo'!F41 -> 0 | E38: =D38-C38 -> -0.019498607 | F38: =IF(C38=0,"–",D38/C38) -> 0
B39: ='TK bản thảo'!B42 -> Kinh tế – tài chính – thương mại | C39: ='TK bản thảo'!D42 -> 0.15041783 | D39: ='TK bản thảo'!F42 -> 0.12587413 | E39: =D39-C39 -> -0.024543701 | F39: =IF(C39=0,"–",D39/C39) -> 0.83682984
B40: ='TK bản thảo'!B43 -> Nông nghiệp – sản xuất – nghề nghiệp | C40: ='TK bản thảo'!D43 -> 0.036211699 | D40: ='TK bản thảo'!F43 -> 0.020979021 | E40: =D40-C40 -> -0.015232678 | F40: =IF(C40=0,"–",D40/C40) -> 0.57934373
B41: ='TK bản thảo'!B44 -> Giao thông – tàu thuyền – liên lạc | C41: ='TK bản thảo'!D44 -> 0.0055710306 | D41: ='TK bản thảo'!F44 -> 0.041958042 | E41: =D41-C41 -> 0.036387011 | F41: =IF(C41=0,"–",D41/C41) -> 7.5314685
B42: ='TK bản thảo'!B45 -> Y tế – sức khỏe | C42: ='TK bản thảo'!D45 -> 0.013927577 | D42: ='TK bản thảo'!F45 -> 0 | E42: =D42-C42 -> -0.013927577 | F42: =IF(C42=0,"–",D42/C42) -> 0
B43: ='TK bản thảo'!B46 -> Giáo dục – khoa cử | C43: ='TK bản thảo'!D46 -> 0.04178273 | D43: ='TK bản thảo'!F46 -> 0.006993007 | E43: =D43-C43 -> -0.034789723 | F43: =IF(C43=0,"–",D43/C43) -> 0.16736597
B44: ='TK bản thảo'!B47 -> Văn hóa – xã hội – phong tục – đời sống | C44: ='TK bản thảo'!D47 -> 0.18384401 | D44: ='TK bản thảo'!F47 -> 0.16783217 | E44: =D44-C44 -> -0.016011843 | F44: =IF(C44=0,"–",D44/C44) -> 0.91290528
B45: ='TK bản thảo'!B48 -> Tôn giáo – tín ngưỡng | C45: ='TK bản thảo'!D48 -> 0.011142061 | D45: ='TK bản thảo'!F48 -> 0.013986014 | E45: =D45-C45 -> 0.0028439527 | F45: =IF(C45=0,"–",D45/C45) -> 1.2552448
B46: ='TK bản thảo'!B49 -> Lịch sử – địa lý | C46: ='TK bản thảo'!D49 -> 0.04735376 | D46: ='TK bản thảo'!F49 -> 0.15384615 | E46: =D46-C46 -> 0.10649239 | F46: =IF(C46=0,"–",D46/C46) -> 3.2488688
... B50: ='TK bản thảo'!B53 -> Đa chủ đề | C50: ='TK bản thảo'!D53 -> 0.08913649 | D50: ='TK bản thảo'!F53 -> 0.027972028 | E50: =D50-C50 -> -0.061164462 | F50: =IF(C50=0,"–",D50/C50) -> 0.31381119
B52: D. So sánh 3 pha – dấu hiệu đổi mới xuất hiện TRƯỚC mốc bàn giao 16/9/1869 (Tạp vụ)
B53: Chỉ báo (Tạp vụ) | C53: Potteaux sớm (<6/1869) | D53: Potteaux 6–9/1869 | E53: Trương Vĩnh Ký | K53: Chỉ báo | L53: Potteaux sớm | M53: Potteaux 6–9/1869 | N53: TVK
B54: Số số báo | C54: =COUNTIF(KQ_SoBao!$Q:$Q,"A_PotSom") -> 34 | D54: =COUNTIF(KQ_SoBao!$Q:$Q,"B_PotChuyenTiep") -> 11 | E54: =COUNTIF(KQ_SoBao!$Q:$Q,"C_TVK") -> 15 | K54: Bài tri thức | L54: =C57 -> 0.061371841 | M54: =D57 -> 0.12195122 | N54: =E57 -> 0.20979021
B55: Đơn vị Tạp vụ (n) | C55: =COUNTIFS('GDB 1866-1871'!$T:$T,"Tạp vụ",'GDB 1866-1871'!$R:$R,"Potteaux",'GDB 1866-1871'!$V:$V,"<18690601") -> 277 | D55: =COUNTIFS('GDB 1866-1871'!$T:$T,"Tạp vụ",'GDB 1866-1871'!$R:$R,"Potteaux",'GDB 1866-1871'!$V:$V,">=18690601") -> 82 | E55: =COUNTIFS('GDB 1866-1871'!$T:$T,"Tạp vụ",'GDB 1866-1871'!$R:$R,"TVK") -> 143 | K55: Nghị luận | L55: =C58 -> 0.054151625 | M55: =D58 -> 0.036585366 | N55: =E58 -> 0.083916084
B56: Mật độ Tạp vụ (đv/số) | C56: =C55/C54 -> 8.1470588 | D56: =D55/D54 -> 7.4545455 | E56: =E55/E54 -> 9.5333333 | K56: Lịch sử–địa lý | L56: =C59 -> 0.032490975 | M56: =D59 -> 0.097560976 | N56: =E59 -> 0.15384615
B57: Bài tri thức–khảo cứu % | C57: =COUNTIFS('GDB 1866-1871'!$T:$T,"Tạp vụ",'GDB 1866-1871'!$R:$R,"Potteaux",'GDB 1866-1871'!$V:$V,"<18690601",'GDB 1866-1871'!$G:$G,"Bài tri thức – khảo cứu – giải thích")/C55 -> 0.061371841 | D57: =COUNTIFS('GDB 1866-1871'!$T:$T,"Tạp vụ",'GDB 1866-1871'!$R:$R,"Potteaux",'GDB 1866-1871'!$V:$V,">=18690601",'GDB 1866-1871'!$G:$G,"Bài tri thức – khảo cứu – giải thích")/D55 -> 0.12195122 | E57: =COUNTIFS('GDB 1866-1871'!$T:$T,"Tạp vụ",'GDB 1866-1871'!$R:$R,"TVK",'GDB 1866-1871'!$G:$G,"Bài tri thức – khảo cứu – giải thích")/E55 -> 0.20979021 | K57: Tai nạn–sự cố | L57: =C60 -> 0.10469314 | M57: =D60 -> 0.048780488 | N57: =E60 -> 0.27972028
B58: Nghị luận–giáo huấn % | C58: =COUNTIFS('GDB 1866-1871'!$T:$T,"Tạp vụ",'GDB 1866-1871'!$R:$R,"Potteaux",'GDB 1866-1871'!$V:$V,"<18690601",'GDB 1866-1871'!$G:$G,"Nghị luận – bình luận – khuyến dụ – giáo huấn")/C55 -> 0.054151625 | D58: =COUNTIFS('GDB 1866-1871'!$T:$T,"Tạp vụ",'GDB 1866-1871'!$R:$R,"Potteaux",'GDB 1866-1871'!$V:$V,">=18690601",'GDB 1866-1871'!$G:$G,"Nghị luận – bình luận – khuyến dụ – giáo huấn")/D55 -> 0.036585366 | E58: =COUNTIFS('GDB 1866-1871'!$T:$T,"Tạp vụ",'GDB 1866-1871'!$R:$R,"TVK",'GDB 1866-1871'!$G:$G,"Nghị luận – bình luận – khuyến dụ – giáo huấn")/E55 -> 0.083916084 | K58: Nhan đề gốc | L58: =C61 -> 0.28880866 | M58: =D61 -> 0.65853659 | N58: =E61 -> 0.79020979
B59: Lịch sử–địa lý % | C59: =COUNTIFS('GDB 1866-1871'!$T:$T,"Tạp vụ",'GDB 1866-1871'!$R:$R,"Potteaux",'GDB 1866-1871'!$V:$V,"<18690601",'GDB 1866-1871'!$I:$I,"Lịch sử – địa lý")/C55 -> 0.032490975 | D59: =COUNTIFS('GDB 1866-1871'!$T:$T,"Tạp vụ",'GDB 1866-1871'!$R:$R,"Potteaux",'GDB 1866-1871'!$V:$V,">=18690601",'GDB 1866-1871'!$I:$I,"Lịch sử – địa lý")/D55 -> 0.097560976 | E59: =COUNTIFS('GDB 1866-1871'!$T:$T,"Tạp vụ",'GDB 1866-1871'!$R:$R,"TVK",'GDB 1866-1871'!$I:$I,"Lịch sử – địa lý")/E55 -> 0.15384615
B60: Tai nạn–sự cố % | C60: =COUNTIFS('GDB 1866-1871'!$T:$T,"Tạp vụ",'GDB 1866-1871'!$R:$R,"Potteaux",'GDB 1866-1871'!$V:$V,"<18690601",'GDB 1866-1871'!$I:$I,"Tai nạn – thiên tai – sự cố")/C55 -> 0.10469314 | D60: =COUNTIFS('GDB 1866-1871'!$T:$T,"Tạp vụ",'GDB 1866-1871'!$R:$R,"Potteaux",'GDB 1866-1871'!$V:$V,">=18690601",'GDB 1866-1871'!$I:$I,"Tai nạn – thiên tai – sự cố")/D55 -> 0.048780488 | E60: =COUNTIFS('GDB 1866-1871'!$T:$T,"Tạp vụ",'GDB 1866-1871'!$R:$R,"TVK",'GDB 1866-1871'!$I:$I,"Tai nạn – thiên tai – sự cố")/E55 -> 0.27972028
B61: Nhan đề gốc % | C61: =(C55-COUNTIFS('GDB 1866-1871'!$T:$T,"Tạp vụ",'GDB 1866-1871'!$R:$R,"Potteaux",'GDB 1866-1871'!$V:$V,"<18690601",'GDB 1866-1871'!$E:$E,"Không có")-COUNTIFS('GDB 1866-1871'!$T:$T,"Tạp vụ",'GDB 1866-1871'!$R:$R,"Potteaux",'GDB 1866-1871'!$V:$V,"<18690601",'GDB 1866-1871'!$E:$E,""))/C55 -> 0.28880866 | D61: =(D55-COUNTIFS('GDB 1866-1871'!$T:$T,"Tạp vụ",'GDB 1866-1871'!$R:$R,"Potteaux",'GDB 1866-1871'!$V:$V,">=18690601",'GDB 1866-1871'!$E:$E,"Không có")-COUNTIFS('GDB 1866-1871'!$T:$T,"Tạp vụ",'GDB 1866-1871'!$R:$R,"Potteaux",'GDB 1866-1871'!$V:$V,">=18690601",'GDB 1866-1871'!$E:$E,""))/D55 -> 0.65853659 | E61: =(E55-COUNTIFS('GDB 1866-1871'!$T:$T,"Tạp vụ",'GDB 1866-1871'!$R:$R,"TVK",'GDB 1866-1871'!$E:$E,"Không có")-COUNTIFS('GDB 1866-1871'!$T:$T,"Tạp vụ",'GDB 1866-1871'!$R:$R,"TVK",'GDB 1866-1871'!$E:$E,""))/E55 -> 0.79020979 | K61: Tháng | L61: Giải thích+Nghị luận % | M61: Nhan đề gốc %
K62: =B65 -> 1869-02 | L62: =D65 -> 0.2 | M62: =E65 -> 0.2
B63: E. Dòng thời gian 1869 – Tạp vụ theo tháng (mốc bàn giao 16/9/1869) | K63: =B66 -> 1869-04 | L63: =D66 -> 0.18181818 | M63: =E66 -> 0
B64: Tháng | C64: Tạp vụ tổng | D64: Giải thích+Nghị luận % | E64: Nhan đề gốc % | F64: Giai đoạn | K64: =B67 -> 1869-06 | L64: =D67 -> 0.15151515 | M64: =E67 -> 0.60606061
B65: 1869-02 | C65: =COUNTIFS('GDB 1866-1871'!$T:$T,"Tạp vụ",'GDB 1866-1871'!$V:$V,">="&$H65,'GDB 1866-1871'!$V:$V,"<="&$I65) -> 5 | D65: =(COUNTIFS('GDB 1866-1871'!$T:$T,"Tạp vụ",'GDB 1866-1871'!$V:$V,">="&$H65,'GDB 1866-1871'!$V:$V,"<="&$I65,'GDB 1866-1871'!$G:$G,"Bài tri thức – khảo cứu – giải thích")+COUNTIFS('GDB 1866-1871'!$T:$T,"Tạp vụ",'GDB 1866-1871'!$V:$V,">="&$H65,'GDB 1866-1871'!$V:$V,"<="&$I65,'GDB 1866-1871'!$G:$G,"Nghị luận – bình luận – khuyến dụ – giáo huấn"))/C65 -> 0.2 | E65: =(C65-COUNTIFS('GDB 1866-1871'!$T:$T,"Tạp vụ",'GDB 1866-1871'!$V:$V,">="&$H65,'GDB 1866-1871'!$V:$V,"<="&$I65,'GDB 1866-1871'!$E:$E,"Không có")-COUNTIFS('GDB 1866-1871'!$T:$T,"Tạp vụ",'GDB 1866-1871'!$V:$V,">="&$H65,'GDB 1866-1871'!$V:$V,"<="&$I65,'GDB 1866-1871'!$E:$E,""))/C65 -> 0.2 | F65: Potteaux | H65: 18690201 | I65: 18690228 | K65: =B68 -> 1869-07 | L65: =D68 -> 0.2 | M65: =E68 -> 0.7
B66: 1869-04 | C66: =COUNTIFS('GDB 1866-1871'!$T:$T,"Tạp vụ",'GDB 1866-1871'!$V:$V,">="&$H66,'GDB 1866-1871'!$V:$V,"<="&$I66) -> 11 | D66: =(COUNTIFS('GDB 1866-1871'!$T:$T,"Tạp vụ",'GDB 1866-1871'!$V:$V,">="&$H66,'GDB 1866-1871'!$V:$V,"<="&$I66,'GDB 1866-1871'!$G:$G,"Bài tri thức – khảo cứu – giải thích")+COUNTIFS('GDB 1866-1871'!$T:$T,"Tạp vụ",'GDB 1866-1871'!$V:$V,">="&$H66,'GDB 1866-1871'!$V:$V,"<="&$I66,'GDB 1866-1871'!$G:$G,"Nghị luận – bình luận – khuyến dụ – giáo huấn"))/C66 -> 0.18181818 | E66: =(C66-COUNTIFS('GDB 1866-1871'!$T:$T,"Tạp vụ",'GDB 1866-1871'!$V:$V,">="&$H66,'GDB 1866-1871'!$V:$V,"<="&$I66,'GDB 1866-1871'!$E:$E,"Không có")-COUNTIFS('GDB 1866-1871'!$T:$T,"Tạp vụ",'GDB 1866-1871'!$V:$V,">="&$H66,'GDB 1866-1871'!$V:$V,"<="&$I66,'GDB 1866-1871'!$E:$E,""))/C66 -> 0 | F66: Potteaux | H66: 18690401 | I66: 18690430 | K66: =B69 -> 1869-08 | L66: =D69 -> 0.2 | M66: =E69 -> 0.73333333
B67: 1869-06 | C67: =COUNTIFS('GDB 1866-1871'!$T:$T,"Tạp vụ",'GDB 1866-1871'!$V:$V,">="&$H67,'GDB 1866-1871'!$V:$V,"<="&$I67) -> 33 | D67: =(COUNTIFS('GDB 1866-1871'!$T:$T,"Tạp vụ",'GDB 1866-1871'!$V:$V,">="&$H67,'GDB 1866-1871'!$V:$V,"<="&$I67,'GDB 1866-1871'!$G:$G,"Bài tri thức – khảo cứu – giải thích")+COUNTIFS('GDB 1866-1871'!$T:$T,"Tạp vụ",'GDB 1866-1871'!$V:$V,">="&$H67,'GDB 1866-1871'!$V:$V,"<="&$I67,'GDB 1866-1871'!$G:$G,"Nghị luận – bình luận – khuyến dụ – giáo huấn"))/C67 -> 0.15151515 | E67: =(C67-COUNTIFS('GDB 1866-1871'!$T:$T,"Tạp vụ",'GDB 1866-1871'!$V:$V,">="&$H67,'GDB 1866-1871'!$V:$V,"<="&$I67,'GDB 1866-1871'!$E:$E,"Không có")-COUNTIFS('GDB 1866-1871'!$T:$T,"Tạp vụ",'GDB 1866-1871'!$V:$V,">="&$H67,'GDB 1866-1871'!$V:$V,"<="&$I67,'GDB 1866-1871'!$E:$E,""))/C67 -> 0.60606061 | F67: Potteaux | H67: 18690601 | I67: 18690630 | K67: =B70 -> 1869-09 | L67: =D70 -> 0.26086957 | M67: =E70 -> 0.69565217
B68: 1869-07 | C68: =COUNTIFS('GDB 1866-1871'!$T:$T,"Tạp vụ",'GDB 1866-1871'!$V:$V,">="&$H68,'GDB 1866-1871'!$V:$V,"<="&$I68) -> 20 | D68: =(COUNTIFS('GDB 1866-1871'!$T:$T,"Tạp vụ",'GDB 1866-1871'!$V:$V,">="&$H68,'GDB 1866-1871'!$V:$V,"<="&$I68,'GDB 1866-1871'!$G:$G,"Bài tri thức – khảo cứu – giải thích")+COUNTIFS('GDB 1866-1871'!$T:$T,"Tạp vụ",'GDB 1866-1871'!$V:$V,">="&$H68,'GDB 1866-1871'!$V:$V,"<="&$I68,'GDB 1866-1871'!$G:$G,"Nghị luận – bình luận – khuyến dụ – giáo huấn"))/C68 -> 0.2 | E68: =(C68-COUNTIFS('GDB 1866-1871'!$T:$T,"Tạp vụ",'GDB 1866-1871'!$V:$V,">="&$H68,'GDB 1866-1871'!$V:$V,"<="&$I68,'GDB 1866-1871'!$E:$E,"Không có")-COUNTIFS('GDB 1866-1871'!$T:$T,"Tạp vụ",'GDB 1866-1871'!$V:$V,">="&$H68,'GDB 1866-1871'!$V:$V,"<="&$I68,'GDB 1866-1871'!$E:$E,""))/C68 -> 0.7 | F68: Potteaux | H68: 18690701 | I68: 18690731 | K68: =B71 -> 1869-10 | L68: =D71 -> 0.63636364 | M68: =E71 -> 0.45454545
B69: 1869-08 | C69: =COUNTIFS('GDB 1866-1871'!$T:$T,"Tạp vụ",'GDB 1866-1871'!$V:$V,">="&$H69,'GDB 1866-1871'!$V:$V,"<="&$I69) -> 15 | D69: =(COUNTIFS('GDB 1866-1871'!$T:$T,"Tạp vụ",'GDB 1866-1871'!$V:$V,">="&$H69,'GDB 1866-1871'!$V:$V,"<="&$I69,'GDB 1866-1871'!$G:$G,"Bài tri thức – khảo cứu – giải thích")+COUNTIFS('GDB 1866-1871'!$T:$T,"Tạp vụ",'GDB 1866-1871'!$V:$V,">="&$H69,'GDB 1866-1871'!$V:$V,"<="&$I69,'GDB 1866-1871'!$G:$G,"Nghị luận – bình luận – khuyến dụ – giáo huấn"))/C69 -> 0.2 | E69: =(C69-COUNTIFS('GDB 1866-1871'!$T:$T,"Tạp vụ",'GDB 1866-1871'!$V:$V,">="&$H69,'GDB 1866-1871'!$V:$V,"<="&$I69,'GDB 1866-1871'!$E:$E,"Không có")-COUNTIFS('GDB 1866-1871'!$T:$T,"Tạp vụ",'GDB 1866-1871'!$V:$V,">="&$H69,'GDB 1866-1871'!$V:$V,"<="&$I69,'GDB 1866-1871'!$E:$E,""))/C69 -> 0.73333333 | F69: Potteaux | H69: 18690801 | I69: 18690831 | K69: =B72 -> 1869-12 | L69: =D72 -> 0.11111111 | M69: =E72 -> 0.66666667
B70: 1869-09 | C70: =COUNTIFS('GDB 1866-1871'!$T:$T,"Tạp vụ",'GDB 1866-1871'!$V:$V,">="&$H70,'GDB 1866-1871'!$V:$V,"<="&$I70) -> 23 | D70: =(COUNTIFS('GDB 1866-1871'!$T:$T,"Tạp vụ",'GDB 1866-1871'!$V:$V,">="&$H70,'GDB 1866-1871'!$V:$V,"<="&$I70,'GDB 1866-1871'!$G:$G,"Bài tri thức – khảo cứu – giải thích")+COUNTIFS('GDB 1866-1871'!$T:$T,"Tạp vụ",'GDB 1866-1871'!$V:$V,">="&$H70,'GDB 1866-1871'!$V:$V,"<="&$I70,'GDB 1866-1871'!$G:$G,"Nghị luận – bình luận – khuyến dụ – giáo huấn"))/C70 -> 0.26086957 | E70: =(C70-COUNTIFS('GDB 1866-1871'!$T:$T,"Tạp vụ",'GDB 1866-1871'!$V:$V,">="&$H70,'GDB 1866-1871'!$V:$V,"<="&$I70,'GDB 1866-1871'!$E:$E,"Không có")-COUNTIFS('GDB 1866-1871'!$T:$T,"Tạp vụ",'GDB 1866-1871'!$V:$V,">="&$H70,'GDB 1866-1871'!$V:$V,"<="&$I70,'GDB 1866-1871'!$E:$E,""))/C70 -> 0.69565217 | F70: Potteaux→TVK | H70: 18690901 | I70: 18690930
B71: 1869-10 | C71: =COUNTIFS('GDB 1866-1871'!$T:$T,"Tạp vụ",'GDB 1866-1871'!$V:$V,">="&$H71,'GDB 1866-1871'!$V:$V,"<="&$I71) -> 11 | D71: =(COUNTIFS('GDB 1866-1871'!$T:$T,"Tạp vụ",'GDB 1866-1871'!$V:$V,">="&$H71,'GDB 1866-1871'!$V:$V,"<="&$I71,'GDB 1866-1871'!$G:$G,"Bài tri thức – khảo cứu – giải thích")+COUNTIFS('GDB 1866-1871'!$T:$T,"Tạp vụ",'GDB 1866-1871'!$V:$V,">="&$H71,'GDB 1866-1871'!$V:$V,"<="&$I71,'GDB 1866-1871'!$G:$G,"Nghị luận – bình luận – khuyến dụ – giáo huấn"))/C71 -> 0.63636364 | E71: =(C71-COUNTIFS('GDB 1866-1871'!$T:$T,"Tạp vụ",'GDB 1866-1871'!$V:$V,">="&$H71,'GDB 1866-1871'!$V:$V,"<="&$I71,'GDB 1866-1871'!$E:$E,"Không có")-COUNTIFS('GDB 1866-1871'!$T:$T,"Tạp vụ",'GDB 1866-1871'!$V:$V,">="&$H71,'GDB 1866-1871'!$V:$V,"<="&$I71,'GDB 1866-1871'!$E:$E,""))/C71 -> 0.45454545 | F71: TVK | H71: 18691001 | I71: 18691031
B72: 1869-12 | C72: =COUNTIFS('GDB 1866-1871'!$T:$T,"Tạp vụ",'GDB 1866-1871'!$V:$V,">="&$H72,'GDB 1866-1871'!$V:$V,"<="&$I72) -> 9 | D72: =(COUNTIFS('GDB 1866-1871'!$T:$T,"Tạp vụ",'GDB 1866-1871'!$V:$V,">="&$H72,'GDB 1866-1871'!$V:$V,"<="&$I72,'GDB 1866-1871'!$G:$G,"Bài tri thức – khảo cứu – giải thích")+COUNTIFS('GDB 1866-1871'!$T:$T,"Tạp vụ",'GDB 1866-1871'!$V:$V,">="&$H72,'GDB 1866-1871'!$V:$V,"<="&$I72,'GDB 1866-1871'!$G:$G,"Nghị luận – bình luận – khuyến dụ – giáo huấn"))/C72 -> 0.11111111 | E72: =(C72-COUNTIFS('GDB 1866-1871'!$T:$T,"Tạp vụ",'GDB 1866-1871'!$V:$V,">="&$H72,'GDB 1866-1871'!$V:$V,"<="&$I72,'GDB 1866-1871'!$E:$E,"Không có")-COUNTIFS('GDB 1866-1871'!$T:$T,"Tạp vụ",'GDB 1866-1871'!$V:$V,">="&$H72,'GDB 1866-1871'!$V:$V,"<="&$I72,'GDB 1866-1871'!$E:$E,""))/C72 -> 0.66666667 | F72: Janneau | H72: 18691201 | I72: 18691231
B95: F. Diễn giải kết quả (theo 3 câu hỏi nghiên cứu)
B96: CH1 – Cấu trúc: tinh gọn chứ không mở rộng. Mô hình ba mục bất định thời Potteaux (chỉ 24/45 số có đủ 3 mục) chuyển thành cặp Công vụ–Tạp vụ ổn định (15/15 số thời TVK). Mật độ cả ba mục GIẢM (14,96→13,40 đv/số) nhưng hai mục tồn tại xuyên suốt (Công vụ+Tạp vụ) lại TĂNG nhẹ (12,80→13,40). Đây là tái cấu trúc, không phải tăng cơ học số mục/số bài.
B97: CH2 – Hình thức: Công vụ giữ lõi, Tạp vụ tái phân bố. Lõi văn bản công quyền của Công vụ gần như không đổi (~70,5%→70,7%); thay đổi của Công vụ nằm ở độ hiện diện đều (77,8%→100%) và nhan đề (21,2%→46,6%). Tạp vụ mới là nơi biến đổi: tin–tường thuật vẫn là nền (41,5%→44,8%), nhưng bài tri thức–khảo cứu tăng gần gấp ba (7,5%→21,0%), nghị luận–giáo huấn tăng (5,0%→8,4%), truyện gần như biến mất (12,8%→0,7%).
B98: CH3 – Nội dung: đa chức năng hóa, không phải “tri thức hóa” một chiều. Trong Tạp vụ, lịch sử–địa lý tăng (4,7%→15,4%), báo chí–truyền thông tăng (1,4%→4,2%), nhưng tai nạn–sự cố cũng tăng rất mạnh (9,2%→28,0%) – nền tin đời sống không bị thay bằng tri thức. Vì vậy “phong phú hóa” nên hiểu là đa chức năng hóa + tái cấu trúc, không phải mọi chủ đề cùng tăng.
B99: CH3 – Thời điểm (phát hiện then chốt): dấu hiệu đổi mới xuất hiện TRƯỚC mốc 16/9/1869. So sánh 3 pha cho thấy pha Potteaux 6–9/1869 đã nâng bài tri thức (6,1→12,2→21,0%), lịch sử–địa lý (3,2→9,8→15,4%) và đặc biệt nhan đề gốc (28,9→65,9→79,0%). Dòng thời gian theo tháng xác nhận: nhan đề gốc Tạp vụ vọt lên 60–73% ngay từ tháng 6–8/1869, khi Potteaux vẫn đứng tên. Do đó giai đoạn TVK phù hợp hơn với cách hiểu là củng cố–ổn định hóa, không phải điểm khởi đầu tuyệt đối.
B100: Kết luận: “phong phú hóa” = tái cấu trúc (Giá chợ mất ngăn riêng, chức năng giá cả chuyển một phần vào Tạp vụ) + đa chức năng hóa Tạp vụ + phân đoạn/định danh văn bản rõ hơn. Mốc thể chế (16/9) và mốc biến đổi nội dung KHÔNG trùng khít.
B101: Giới hạn: corpus là các số hiện còn (không phải mẫu ngẫu nhiên), cỡ mẫu hai giai đoạn lệch 45/15; số Janneau (1 số) chỉ dùng như ca chuyển tiếp bổ trợ. Các tỷ lệ mô tả tư liệu bảo tồn, không suy rộng cho toàn bộ tờ báo.

Sheet danh sách báo 1865-1871
A1: GIA ĐỊNH BÁO 1865–1871 — DANH SÁCH SỐ BÁO, TÌNH TRẠNG LƯU TRỮ VÀ CHÁNH TỔNG TÀI
A2: ="Tổng dự kiến: "&COUNTA(A5:A140) -> Tổng dự kiến: 136 | B2: =COUNTA(A5:A140) -> 136 | C2: ="Còn: "&COUNTIF(F5:F140,"Còn") -> Còn: 61 | D2: =COUNTIF(F5:F140,"Còn") -> 61 | E2: ="Chưa tìm thấy: "&COUNTIF(F5:F140,"Không còn/Chưa tìm thấy") -> Chưa tìm thấy: 75 | F2: =COUNTIF(F5:F140,"Không còn/Chưa tìm thấy") -> 75 | G2: Phạm vi: 1865–1871 | H2: 1865–1871 | I2: 61 số hiện còn theo PPT
A3: 1865: 3/8 1866: 10/12 1867: 12/12 1868: 7/12 1869: 16/31 1870: 10/37 1871: 3/24
A4: STT | B4: Danh sách số báo | C4: Ngày phát hành | D4: Năm phát hành | E4: Số báo | F4: Tình trạng lưu trữ | G4: Chánh tổng tài / người phụ trách | H4: Mức xác nhận ngày | I4: Ghi chú | J4: nơi bảo tồn
A5: 1 | B5: GĐB 1865-N01 | C5: 15/04/1865 | D5: 1865 | E5: 1 | F5: Không còn/Chưa tìm thấy | G5: E. Potteaux | H5: Suy ra theo lịch phát hành | I5: Chánh tổng tài ghi theo giai đoạn phụ trách, không phải xác nhận trực tiếp từ bản báo bị thiếu. | J5: =IF(F5="Còn",IF(D5=1865,"Thư viện Khoa học Tổng hợp TP.HCM; Southeast Asian Newspapers","Thư viện Quốc gia Pháp (BnF)"),"—") -> —
A6: 2 | B6: GĐB 1865-N02 | C6: 15/05/1865 | D6: 1865 | E6: 2 | F6: Không còn/Chưa tìm thấy | G6: E. Potteaux | H6: Suy ra theo lịch phát hành | I6: Chánh tổng tài ghi theo giai đoạn phụ trách, không phải xác nhận trực tiếp từ bản báo bị thiếu. | J6: =IF(F6="Còn",IF(D6=1865,"Thư viện Khoa học Tổng hợp TP.HCM; Southeast Asian Newspapers","Thư viện Quốc gia Pháp (BnF)"),"—") -> —
A7: 3 | B7: GĐB 1865-N03 | C7: 15/06/1865 | D7: 1865 | E7: 3 | F7: Không còn/Chưa tìm thấy | G7: E. Potteaux | H7: Suy ra theo lịch phát hành | I7: Chánh tổng tài ghi theo giai đoạn phụ trách, không phải xác nhận trực tiếp từ bản báo bị thiếu. | J7: =IF(F7="Còn",IF(D7=1865,"Thư viện Khoa học Tổng hợp TP.HCM; Southeast Asian Newspapers","Thư viện Quốc gia Pháp (BnF)"),"—") -> —
A8: 4 | B8: GĐB 1865-N04 | C8: 15/07/1865 | D8: 1865 | E8: 4 | F8: Còn | G8: E. Potteaux | H8: Đối chiếu — PPT chưa xác nhận ngày | I8: N4 được xác nhận còn, nhưng PPT ghi ngày N4 chưa xác nhận; 15/07 lấy từ bảng Excel hiện tại/lịch tháng. | J8: =IF(F8="Còn",IF(D8=1865,"Thư viện Khoa học Tổng hợp TP.HCM; Southeast Asian Newspapers","Thư viện Quốc gia Pháp (BnF)"),"—") -> Thư viện Khoa học Tổng hợp TP.HCM; Southeast Asian Newspapers
A9: 5 | B9: GĐB 1865-N05 | C9: 15/08/1865 | D9: 1865 | E9: 5 | F9: Còn | G9: E. Potteaux | H9: Xác nhận từ tư liệu hiện có | J9: =IF(F9="Còn",IF(D9=1865,"Thư viện Khoa học Tổng hợp TP.HCM; Southeast Asian Newspapers","Thư viện Quốc gia Pháp (BnF)"),"—") -> Thư viện Khoa học Tổng hợp TP.HCM; Southeast Asian Newspapers
A10: 6 | B10: GĐB 1865-N06 | C10: 15/10/1865 | D10: 1865 | E10: 6 | F10: Còn | G10: E. Potteaux | H10: Xác nhận từ tư liệu hiện có | I10: PPT hiệu chỉnh ngày thành 15/10/1865; Excel nội dung cũ ghi 15/09/1865. | J10: =IF(F10="Còn",IF(D10=1865,"Thư viện Khoa học Tổng hợp TP.HCM; Southeast Asian Newspapers","Thư viện Quốc gia Pháp (BnF)"),"—") -> Thư viện Khoa học Tổng hợp TP.HCM; Southeast Asian Newspapers
A11: 7 | B11: GĐB 1865-N07 | C11: 15/11/1865 | D11: 1865 | E11: 7 | F11: Không còn/Chưa tìm thấy | G11: E. Potteaux | H11: Suy ra theo lịch phát hành | I11: Chánh tổng tài ghi theo giai đoạn phụ trách, không phải xác nhận trực tiếp từ bản báo bị thiếu. | J11: =IF(F11="Còn",IF(D11=1865,"Thư viện Khoa học Tổng hợp TP.HCM; Southeast Asian Newspapers","Thư viện Quốc gia Pháp (BnF)"),"—") -> —
A12: 8 | B12: GĐB 1865-N08 | C12: 15/12/1865 | D12: 1865 | E12: 8 | F12: Không còn/Chưa tìm thấy | G12: E. Potteaux | H12: Suy ra theo lịch phát hành | I12: Chánh tổng tài ghi theo giai đoạn phụ trách, không phải xác nhận trực tiếp từ bản báo bị thiếu. | J12: =IF(F12="Còn",IF(D12=1865,"Thư viện Khoa học Tổng hợp TP.HCM; Southeast Asian Newspapers","Thư viện Quốc gia Pháp (BnF)"),"—") -> —
A13: 9 | B13: GĐB 1866-N01 | C13: 15/01/1866 | D13: 1866 | E13: 1 | F13: Còn | G13: E. Potteaux | H13: Xác nhận từ tư liệu hiện có | J13: =IF(F13="Còn",IF(D13=1865,"Thư viện Khoa học Tổng hợp TP.HCM; Southeast Asian Newspapers","Thư viện Quốc gia Pháp (BnF)"),"—") -> Thư viện Quốc gia Pháp (BnF)
A14: 10 | B14: GĐB 1866-N02 | C14: 15/02/1866 | D14: 1866 | E14: 2 | F14: Còn | G14: E. Potteaux | H14: Xác nhận từ tư liệu hiện có | J14: =IF(F14="Còn",IF(D14=1865,"Thư viện Khoa học Tổng hợp TP.HCM; Southeast Asian Newspapers","Thư viện Quốc gia Pháp (BnF)"),"—") -> Thư viện Quốc gia Pháp (BnF)
A15: 11 | B15: GĐB 1866-N03 | C15: 15/03/1866 | D15: 1866 | E15: 3 | F15: Còn | G15: E. Potteaux | H15: Xác nhận từ tư liệu hiện có | J15: =IF(F15="Còn",IF(D15=1865,"Thư viện Khoa học Tổng hợp TP.HCM; Southeast Asian Newspapers","Thư viện Quốc gia Pháp (BnF)"),"—") -> Thư viện Quốc gia Pháp (BnF)
A16: 12 | B16: GĐB 1866-N04 | C16: 15/04/1866 | D16: 1866 | E16: 4 | F16: Còn | G16: E. Potteaux | H16: Xác nhận từ tư liệu hiện có | J16: =IF(F16="Còn",IF(D16=1865,"Thư viện Khoa học Tổng hợp TP.HCM; Southeast Asian Newspapers","Thư viện Quốc gia Pháp (BnF)"),"—") -> Thư viện Quốc gia Pháp (BnF)
A17: 13 | B17: GĐB 1866-N05 | C17: 15/05/1866 | D17: 1866 | E17: 5 | F17: Còn | G17: E. Potteaux | H17: Xác nhận từ tư liệu hiện có | J17: =IF(F17="Còn",IF(D17=1865,"Thư viện Khoa học Tổng hợp TP.HCM; Southeast Asian Newspapers","Thư viện Quốc gia Pháp (BnF)"),"—") -> Thư viện Quốc gia Pháp (BnF)
A18: 14 | B18: GĐB 1866-N06 | C18: 15/06/1866 | D18: 1866 | E18: 6 | F18: Còn | G18: E. Potteaux | H18: Xác nhận từ tư liệu hiện có | J18: =IF(F18="Còn",IF(D18=1865,"Thư viện Khoa học Tổng hợp TP.HCM; Southeast Asian Newspapers","Thư viện Quốc gia Pháp (BnF)"),"—") -> Thư viện Quốc gia Pháp (BnF)
A19: 15 | B19: GĐB 1866-N07 | C19: 15/07/1866 | D19: 1866 | E19: 7 | F19: Còn | G19: E. Potteaux | H19: Xác nhận từ tư liệu hiện có | J19: =IF(F19="Còn",IF(D19=1865,"Thư viện Khoa học Tổng hợp TP.HCM; Southeast Asian Newspapers","Thư viện Quốc gia Pháp (BnF)"),"—") -> Thư viện Quốc gia Pháp (BnF)
A20: 16 | B20: GĐB 1866-N08 | C20: 15/08/1866 | D20: 1866 | E20: 8 | F20: Còn | G20: E. Potteaux | H20: Xác nhận từ tư liệu hiện có | J20: =IF(F20="Còn",IF(D20=1865,"Thư viện Khoa học Tổng hợp TP.HCM; Southeast Asian Newspapers","Thư viện Quốc gia Pháp (BnF)"),"—") -> Thư viện Quốc gia Pháp (BnF)
A21: 17 | B21: GĐB 1866-N09 | C21: 15/10/1866 | D21: 1866 | E21: 9 | F21: Còn | G21: E. Potteaux | H21: Xác nhận từ tư liệu hiện có | I21: Tên file/tư liệu hiện có ghi 15/10/1866; vì vậy không tự suy ngày N10–N11. | J21: =IF(F21="Còn",IF(D21=1865,"Thư viện Khoa học Tổng hợp TP.HCM; Southeast Asian Newspapers","Thư viện Quốc gia Pháp (BnF)"),"—") -> Thư viện Quốc gia Pháp (BnF)
A22: 18 | B22: GĐB 1866-N10 | C22: Chưa xác định | D22: 1866 | E22: 10 | F22: Không còn/Chưa tìm thấy | G22: E. Potteaux | H22: Chưa xác định | I22: Chánh tổng tài ghi theo giai đoạn phụ trách, không phải xác nhận trực tiếp từ bản báo bị thiếu. | J22: =IF(F22="Còn",IF(D22=1865,"Thư viện Khoa học Tổng hợp TP.HCM; Southeast Asian Newspapers","Thư viện Quốc gia Pháp (BnF)"),"—") -> —
A23: 19 | B23: GĐB 1866-N11 | C23: Chưa xác định | D23: 1866 | E23: 11 | F23: Không còn/Chưa tìm thấy | G23: E. Potteaux | H23: Chưa xác định | I23: Chánh tổng tài ghi theo giai đoạn phụ trách, không phải xác nhận trực tiếp từ bản báo bị thiếu. | J23: =IF(F23="Còn",IF(D23=1865,"Thư viện Khoa học Tổng hợp TP.HCM; Southeast Asian Newspapers","Thư viện Quốc gia Pháp (BnF)"),"—") -> —
A24: 20 | B24: GĐB 1866-N12 | C24: 15/12/1866 | D24: 1866 | E24: 12 | F24: Còn | G24: E. Potteaux | H24: Xác nhận từ tư liệu hiện có | J24: =IF(F24="Còn",IF(D24=1865,"Thư viện Khoa học Tổng hợp TP.HCM; Southeast Asian Newspapers","Thư viện Quốc gia Pháp (BnF)"),"—") -> Thư viện Quốc gia Pháp (BnF)
A25: 21 | B25: GĐB 1867-N01 | C25: 15/01/1867 | D25: 1867 | E25: 1 | F25: Còn | G25: E. Potteaux | H25: Xác nhận từ tư liệu hiện có | J25: =IF(F25="Còn",IF(D25=1865,"Thư viện Khoa học Tổng hợp TP.HCM; Southeast Asian Newspapers","Thư viện Quốc gia Pháp (BnF)"),"—") -> Thư viện Quốc gia Pháp (BnF)
A26: 22 | B26: GĐB 1867-N02 | C26: 15/02/1867 | D26: 1867 | E26: 2 | F26: Còn | G26: E. Potteaux | H26: Xác nhận từ tư liệu hiện có | J26: =IF(F26="Còn",IF(D26=1865,"Thư viện Khoa học Tổng hợp TP.HCM; Southeast Asian Newspapers","Thư viện Quốc gia Pháp (BnF)"),"—") -> Thư viện Quốc gia Pháp (BnF)
A27: 23 | B27: GĐB 1867-N03 | C27: 15/03/1867 | D27: 1867 | E27: 3 | F27: Còn | G27: E. Potteaux | H27: Xác nhận từ tư liệu hiện có | J27: =IF(F27="Còn",IF(D27=1865,"Thư viện Khoa học Tổng hợp TP.HCM; Southeast Asian Newspapers","Thư viện Quốc gia Pháp (BnF)"),"—") -> Thư viện Quốc gia Pháp (BnF)
A28: 24 | B28: GĐB 1867-N04 | C28: 15/04/1867 | D28: 1867 | E28: 4 | F28: Còn | G28: E. Potteaux | H28: Xác nhận từ tư liệu hiện có | J28: =IF(F28="Còn",IF(D28=1865,"Thư viện Khoa học Tổng hợp TP.HCM; Southeast Asian Newspapers","Thư viện Quốc gia Pháp (BnF)"),"—") -> Thư viện Quốc gia Pháp (BnF)
A29: 25 | B29: GĐB 1867-N05 | C29: 15/05/1867 | D29: 1867 | E29: 5 | F29: Còn | G29: E. Potteaux | H29: Xác nhận từ tư liệu hiện có | J29: =IF(F29="Còn",IF(D29=1865,"Thư viện Khoa học Tổng hợp TP.HCM; Southeast Asian Newspapers","Thư viện Quốc gia Pháp (BnF)"),"—") -> Thư viện Quốc gia Pháp (BnF)
A30: 26 | B30: GĐB 1867-N06 | C30: 15/06/1867 | D30: 1867 | E30: 6 | F30: Còn | G30: E. Potteaux | H30: Xác nhận từ tư liệu hiện có | J30: =IF(F30="Còn",IF(D30=1865,"Thư viện Khoa học Tổng hợp TP.HCM; Southeast Asian Newspapers","Thư viện Quốc gia Pháp (BnF)"),"—") -> Thư viện Quốc gia Pháp (BnF)
A31: 27 | B31: GĐB 1867-N07 | C31: 15/07/1867 | D31: 1867 | E31: 7 | F31: Còn | G31: E. Potteaux | H31: Xác nhận từ tư liệu hiện có | J31: =IF(F31="Còn",IF(D31=1865,"Thư viện Khoa học Tổng hợp TP.HCM; Southeast Asian Newspapers","Thư viện Quốc gia Pháp (BnF)"),"—") -> Thư viện Quốc gia Pháp (BnF)
A32: 28 | B32: GĐB 1867-N08 | C32: 15/08/1867 | D32: 1867 | E32: 8 | F32: Còn | G32: E. Potteaux | H32: Xác nhận từ tư liệu hiện có | J32: =IF(F32="Còn",IF(D32=1865,"Thư viện Khoa học Tổng hợp TP.HCM; Southeast Asian Newspapers","Thư viện Quốc gia Pháp (BnF)"),"—") -> Thư viện Quốc gia Pháp (BnF)
A33: 29 | B33: GĐB 1867-N09 | C33: 15/09/1867 | D33: 1867 | E33: 9 | F33: Còn | G33: E. Potteaux | H33: Xác nhận từ tư liệu hiện có | J33: =IF(F33="Còn",IF(D33=1865,"Thư viện Khoa học Tổng hợp TP.HCM; Southeast Asian Newspapers","Thư viện Quốc gia Pháp (BnF)"),"—") -> Thư viện Quốc gia Pháp (BnF)
A34: 30 | B34: GĐB 1867-N10 | C34: 15/10/1867 | D34: 1867 | E34: 10 | F34: Còn | G34: E. Potteaux | H34: Xác nhận từ tư liệu hiện có | J34: =IF(F34="Còn",IF(D34=1865,"Thư viện Khoa học Tổng hợp TP.HCM; Southeast Asian Newspapers","Thư viện Quốc gia Pháp (BnF)"),"—") -> Thư viện Quốc gia Pháp (BnF)
A35: 31 | B35: GĐB 1867-N11 | C35: 15/11/1867 | D35: 1867 | E35: 11 | F35: Còn | G35: E. Potteaux | H35: Xác nhận từ tư liệu hiện có | J35: =IF(F35="Còn",IF(D35=1865,"Thư viện Khoa học Tổng hợp TP.HCM; Southeast Asian Newspapers","Thư viện Quốc gia Pháp (BnF)"),"—") -> Thư viện Quốc gia Pháp (BnF)
... A37: 33 | B37: GĐB 1868-N01 | C37: 15/01/1868 | D37: 1868 | E37: 1 | F37: Còn | G37: E. Potteaux | H37: Xác nhận từ tư liệu hiện có | J37: =IF(F37="Còn",IF(D37=1865,"Thư viện Khoa học Tổng hợp TP.HCM; Southeast Asian Newspapers","Thư viện Quốc gia Pháp (BnF)"),"—") -> Thư viện Quốc gia Pháp (BnF)
A38: 34 | B38: GĐB 1868-N02 | C38: 15/02/1868 | D38: 1868 | E38: 2 | F38: Không còn/Chưa tìm thấy | G38: E. Potteaux | H38: Suy ra theo lịch phát hành | I38: Chánh tổng tài ghi theo giai đoạn phụ trách, không phải xác nhận trực tiếp từ bản báo bị thiếu. | J38: =IF(F38="Còn",IF(D38=1865,"Thư viện Khoa học Tổng hợp TP.HCM; Southeast Asian Newspapers","Thư viện Quốc gia Pháp (BnF)"),"—") -> —
A39: 35 | B39: GĐB 1868-N03 | C39: 15/03/1868 | D39: 1868 | E39: 3 | F39: Còn | G39: E. Potteaux | H39: Xác nhận từ tư liệu hiện có | J39: =IF(F39="Còn",IF(D39=1865,"Thư viện Khoa học Tổng hợp TP.HCM; Southeast Asian Newspapers","Thư viện Quốc gia Pháp (BnF)"),"—") -> Thư viện Quốc gia Pháp (BnF)
A40: 36 | B40: GĐB 1868-N04 | C40: 15/04/1868 | D40: 1868 | E40: 4 | F40: Còn | G40: E. Potteaux | H40: Xác nhận từ tư liệu hiện có | J40: =IF(F40="Còn",IF(D40=1865,"Thư viện Khoa học Tổng hợp TP.HCM; Southeast Asian Newspapers","Thư viện Quốc gia Pháp (BnF)"),"—") -> Thư viện Quốc gia Pháp (BnF)
A41: 37 | B41: GĐB 1868-N05 | C41: 15/05/1868 | D41: 1868 | E41: 5 | F41: Còn | G41: E. Potteaux | H41: Xác nhận từ tư liệu hiện có | J41: =IF(F41="Còn",IF(D41=1865,"Thư viện Khoa học Tổng hợp TP.HCM; Southeast Asian Newspapers","Thư viện Quốc gia Pháp (BnF)"),"—") -> Thư viện Quốc gia Pháp (BnF)
A42: 38 | B42: GĐB 1868-N06 | C42: 15/06/1868 | D42: 1868 | E42: 6 | F42: Còn | G42: E. Potteaux | H42: Xác nhận từ tư liệu hiện có | J42: =IF(F42="Còn",IF(D42=1865,"Thư viện Khoa học Tổng hợp TP.HCM; Southeast Asian Newspapers","Thư viện Quốc gia Pháp (BnF)"),"—") -> Thư viện Quốc gia Pháp (BnF)
A43: 39 | B43: GĐB 1868-N07 | C43: 15/07/1868 | D43: 1868 | E43: 7 | F43: Còn | G43: E. Potteaux | H43: Xác nhận từ tư liệu hiện có | J43: =IF(F43="Còn",IF(D43=1865,"Thư viện Khoa học Tổng hợp TP.HCM; Southeast Asian Newspapers","Thư viện Quốc gia Pháp (BnF)"),"—") -> Thư viện Quốc gia Pháp (BnF)
A44: 40 | B44: GĐB 1868-N08 | C44: 15/08/1868 | D44: 1868 | E44: 8 | F44: Còn | G44: E. Potteaux | H44: Xác nhận từ tư liệu hiện có | J44: =IF(F44="Còn",IF(D44=1865,"Thư viện Khoa học Tổng hợp TP.HCM; Southeast Asian Newspapers","Thư viện Quốc gia Pháp (BnF)"),"—") -> Thư viện Quốc gia Pháp (BnF)
A45: 41 | B45: GĐB 1868-N09 | C45: 15/09/1868 | D45: 1868 | E45: 9 | F45: Không còn/Chưa tìm thấy | G45: E. Potteaux | H45: Suy ra theo lịch phát hành | I45: Chánh tổng tài ghi theo giai đoạn phụ trách, không phải xác nhận trực tiếp từ bản báo bị thiếu. | J45: =IF(F45="Còn",IF(D45=1865,"Thư viện Khoa học Tổng hợp TP.HCM; Southeast Asian Newspapers","Thư viện Quốc gia Pháp (BnF)"),"—") -> —
A46: 42 | B46: GĐB 1868-N10 | C46: 15/10/1868 | D46: 1868 | E46: 10 | F46: Không còn/Chưa tìm thấy | G46: E. Potteaux | H46: Suy ra theo lịch phát hành | I46: Chánh tổng tài ghi theo giai đoạn phụ trách, không phải xác nhận trực tiếp từ bản báo bị thiếu. | J46: =IF(F46="Còn",IF(D46=1865,"Thư viện Khoa học Tổng hợp TP.HCM; Southeast Asian Newspapers","Thư viện Quốc gia Pháp (BnF)"),"—") -> —
A47: 43 | B47: GĐB 1868-N11 | C47: 15/11/1868 | D47: 1868 | E47: 11 | F47: Không còn/Chưa tìm thấy | G47: E. Potteaux | H47: Suy ra theo lịch phát hành | I47: Chánh tổng tài ghi theo giai đoạn phụ trách, không phải xác nhận trực tiếp từ bản báo bị thiếu. | J47: =IF(F47="Còn",IF(D47=1865,"Thư viện Khoa học Tổng hợp TP.HCM; Southeast Asian Newspapers","Thư viện Quốc gia Pháp (BnF)"),"—") -> —
A48: 44 | B48: GĐB 1868-N12 | C48: 15/12/1868 | D48: 1868 | E48: 12 | F48: Không còn/Chưa tìm thấy | G48: E. Potteaux | H48: Suy ra theo lịch phát hành | I48: Chánh tổng tài ghi theo giai đoạn phụ trách, không phải xác nhận trực tiếp từ bản báo bị thiếu. | J48: =IF(F48="Còn",IF(D48=1865,"Thư viện Khoa học Tổng hợp TP.HCM; Southeast Asian Newspapers","Thư viện Quốc gia Pháp (BnF)"),"—") -> —
A49: 45 | B49: GĐB 1869-N01 | C49: Chưa xác định | D49: 1869 | E49: 1 | F49: Không còn/Chưa tìm thấy | G49: E. Potteaux | H49: Chưa xác định | I49: Năm 1869 có hiện tượng số báo và thời điểm phát hành không khớp; không suy đoán ngày khi nguồn chưa đủ. Chánh tổng tài ghi theo giai đoạn phụ trách, không phải xác nhận trực tiếp từ bản báo bị thiếu. | J49: =IF(F49="Còn",IF(D49=1865,"Thư viện Khoa học Tổng hợp TP.HCM; Southeast Asian Newspapers","Thư viện Quốc gia Pháp (BnF)"),"—") -> —
A50: 46 | B50: GĐB 1869-N02 | C50: 15/02/1869 | D50: 1869 | E50: 2 | F50: Còn | G50: E. Potteaux | H50: Xác nhận từ tư liệu hiện có | J50: =IF(F50="Còn",IF(D50=1865,"Thư viện Khoa học Tổng hợp TP.HCM; Southeast Asian Newspapers","Thư viện Quốc gia Pháp (BnF)"),"—") -> Thư viện Quốc gia Pháp (BnF)
A51: 47 | B51: GĐB 1869-N03 | C51: 01/06/1869 | D51: 1869 | E51: 3 | F51: Còn | G51: E. Potteaux | H51: Xác nhận từ tư liệu hiện có | J51: =IF(F51="Còn",IF(D51=1865,"Thư viện Khoa học Tổng hợp TP.HCM; Southeast Asian Newspapers","Thư viện Quốc gia Pháp (BnF)"),"—") -> Thư viện Quốc gia Pháp (BnF)
A52: 48 | B52: GĐB 1869-N04 | C52: 08/04/1869 | D52: 1869 | E52: 4 | F52: Còn | G52: E. Potteaux | H52: Xác nhận từ tư liệu hiện có | J52: =IF(F52="Còn",IF(D52=1865,"Thư viện Khoa học Tổng hợp TP.HCM; Southeast Asian Newspapers","Thư viện Quốc gia Pháp (BnF)"),"—") -> Thư viện Quốc gia Pháp (BnF)
A53: 49 | B53: GĐB 1869-N05 | C53: 01/08/1869 | D53: 1869 | E53: 5 | F53: Còn | G53: E. Potteaux | H53: Xác nhận từ tư liệu hiện có | J53: =IF(F53="Còn",IF(D53=1865,"Thư viện Khoa học Tổng hợp TP.HCM; Southeast Asian Newspapers","Thư viện Quốc gia Pháp (BnF)"),"—") -> Thư viện Quốc gia Pháp (BnF)
A54: 50 | B54: GĐB 1869-N06 | C54: Chưa xác định | D54: 1869 | E54: 6 | F54: Không còn/Chưa tìm thấy | G54: E. Potteaux | H54: Chưa xác định | I54: Năm 1869 có hiện tượng số báo và thời điểm phát hành không khớp; không suy đoán ngày khi nguồn chưa đủ. Chánh tổng tài ghi theo giai đoạn phụ trách, không phải xác nhận trực tiếp từ bản báo bị thiếu. | J54: =IF(F54="Còn",IF(D54=1865,"Thư viện Khoa học Tổng hợp TP.HCM; Southeast Asian Newspapers","Thư viện Quốc gia Pháp (BnF)"),"—") -> —
A55: 51 | B55: GĐB 1869-N07 | C55: Chưa xác định | D55: 1869 | E55: 7 | F55: Không còn/Chưa tìm thấy | G55: E. Potteaux | H55: Chưa xác định | I55: Năm 1869 có hiện tượng số báo và thời điểm phát hành không khớp; không suy đoán ngày khi nguồn chưa đủ. Chánh tổng tài ghi theo giai đoạn phụ trách, không phải xác nhận trực tiếp từ bản báo bị thiếu. | J55: =IF(F55="Còn",IF(D55=1865,"Thư viện Khoa học Tổng hợp TP.HCM; Southeast Asian Newspapers","Thư viện Quốc gia Pháp (BnF)"),"—") -> —
A56: 52 | B56: GĐB 1869-N08 | C56: Chưa xác định | D56: 1869 | E56: 8 | F56: Không còn/Chưa tìm thấy | G56: E. Potteaux | H56: Chưa xác định | I56: Năm 1869 có hiện tượng số báo và thời điểm phát hành không khớp; không suy đoán ngày khi nguồn chưa đủ. Chánh tổng tài ghi theo giai đoạn phụ trách, không phải xác nhận trực tiếp từ bản báo bị thiếu. | J56: =IF(F56="Còn",IF(D56=1865,"Thư viện Khoa học Tổng hợp TP.HCM; Southeast Asian Newspapers","Thư viện Quốc gia Pháp (BnF)"),"—") -> —
A57: 53 | B57: GĐB 1869-N09 | C57: Chưa xác định | D57: 1869 | E57: 9 | F57: Không còn/Chưa tìm thấy | G57: E. Potteaux | H57: Chưa xác định | I57: Năm 1869 có hiện tượng số báo và thời điểm phát hành không khớp; không suy đoán ngày khi nguồn chưa đủ. Chánh tổng tài ghi theo giai đoạn phụ trách, không phải xác nhận trực tiếp từ bản báo bị thiếu. | J57: =IF(F57="Còn",IF(D57=1865,"Thư viện Khoa học Tổng hợp TP.HCM; Southeast Asian Newspapers","Thư viện Quốc gia Pháp (BnF)"),"—") -> —
A58: 54 | B58: GĐB 1869-N10 | C58: 08/06/1869 | D58: 1869 | E58: 10 | F58: Còn | G58: E. Potteaux | H58: Xác nhận từ tư liệu hiện có | J58: =IF(F58="Còn",IF(D58=1865,"Thư viện Khoa học Tổng hợp TP.HCM; Southeast Asian Newspapers","Thư viện Quốc gia Pháp (BnF)"),"—") -> Thư viện Quốc gia Pháp (BnF)
A59: 55 | B59: GĐB 1869-N11 | C59: 16/06/1869 | D59: 1869 | E59: 11 | F59: Còn | G59: E. Potteaux | H59: Xác nhận từ tư liệu hiện có | J59: =IF(F59="Còn",IF(D59=1865,"Thư viện Khoa học Tổng hợp TP.HCM; Southeast Asian Newspapers","Thư viện Quốc gia Pháp (BnF)"),"—") -> Thư viện Quốc gia Pháp (BnF)
A60: 56 | B60: GĐB 1869-N12 | C60: 24/06/1869 | D60: 1869 | E60: 12 | F60: Còn | G60: E. Potteaux | H60: Xác nhận từ tư liệu hiện có | J60: =IF(F60="Còn",IF(D60=1865,"Thư viện Khoa học Tổng hợp TP.HCM; Southeast Asian Newspapers","Thư viện Quốc gia Pháp (BnF)"),"—") -> Thư viện Quốc gia Pháp (BnF)
A61: 57 | B61: GĐB 1869-N13 | C61: 08/07/1869 | D61: 1869 | E61: 13 | F61: Còn | G61: E. Potteaux | H61: Xác nhận từ tư liệu hiện có | J61: =IF(F61="Còn",IF(D61=1865,"Thư viện Khoa học Tổng hợp TP.HCM; Southeast Asian Newspapers","Thư viện Quốc gia Pháp (BnF)"),"—") -> Thư viện Quốc gia Pháp (BnF)
A62: 58 | B62: GĐB 1869-N14 | C62: 16/07/1869 | D62: 1869 | E62: 14 | F62: Còn | G62: E. Potteaux | H62: Xác nhận từ tư liệu hiện có | J62: =IF(F62="Còn",IF(D62=1865,"Thư viện Khoa học Tổng hợp TP.HCM; Southeast Asian Newspapers","Thư viện Quốc gia Pháp (BnF)"),"—") -> Thư viện Quốc gia Pháp (BnF)
A63: 59 | B63: GĐB 1869-N15 | C63: 24/07/1869 | D63: 1869 | E63: 15 | F63: Còn | G63: E. Potteaux | H63: Xác nhận từ tư liệu hiện có | J63: =IF(F63="Còn",IF(D63=1865,"Thư viện Khoa học Tổng hợp TP.HCM; Southeast Asian Newspapers","Thư viện Quốc gia Pháp (BnF)"),"—") -> Thư viện Quốc gia Pháp (BnF)
A64: 60 | B64: GĐB 1869-N16 | C64: Chưa xác định | D64: 1869 | E64: 16 | F64: Không còn/Chưa tìm thấy | G64: E. Potteaux | H64: Chưa xác định | I64: Năm 1869 có hiện tượng số báo và thời điểm phát hành không khớp; không suy đoán ngày khi nguồn chưa đủ. Chánh tổng tài ghi theo giai đoạn phụ trách, không phải xác nhận trực tiếp từ bản báo bị thiếu. | J64: =IF(F64="Còn",IF(D64=1865,"Thư viện Khoa học Tổng hợp TP.HCM; Southeast Asian Newspapers","Thư viện Quốc gia Pháp (BnF)"),"—") -> —
A65: 61 | B65: GĐB 1869-N17 | C65: 16/08/1869 | D65: 1869 | E65: 17 | F65: Còn | G65: E. Potteaux | H65: Xác nhận từ tư liệu hiện có | J65: =IF(F65="Còn",IF(D65=1865,"Thư viện Khoa học Tổng hợp TP.HCM; Southeast Asian Newspapers","Thư viện Quốc gia Pháp (BnF)"),"—") -> Thư viện Quốc gia Pháp (BnF)
A66: 62 | B66: GĐB 1869-N18 | C66: 24/08/1869 | D66: 1869 | E66: 18 | F66: Còn | G66: E. Potteaux | H66: Xác nhận từ tư liệu hiện có | J66: =IF(F66="Còn",IF(D66=1865,"Thư viện Khoa học Tổng hợp TP.HCM; Southeast Asian Newspapers","Thư viện Quốc gia Pháp (BnF)"),"—") -> Thư viện Quốc gia Pháp (BnF)
A67: 63 | B67: GĐB 1869-N19 | C67: 08/09/1869 | D67: 1869 | E67: 19 | F67: Còn | G67: E. Potteaux | H67: Xác nhận từ tư liệu hiện có | J67: =IF(F67="Còn",IF(D67=1865,"Thư viện Khoa học Tổng hợp TP.HCM; Southeast Asian Newspapers","Thư viện Quốc gia Pháp (BnF)"),"—") -> Thư viện Quốc gia Pháp (BnF)
A68: 64 | B68: GĐB 1869-N20 | C68: 24/09/1869 | D68: 1869 | E68: 20 | F68: Còn | G68: P. Trương Vĩnh Ký | H68: Xác nhận từ tư liệu hiện có | J68: =IF(F68="Còn",IF(D68=1865,"Thư viện Khoa học Tổng hợp TP.HCM; Southeast Asian Newspapers","Thư viện Quốc gia Pháp (BnF)"),"—") -> Thư viện Quốc gia Pháp (BnF)
A69: 65 | B69: GĐB 1869-N21 | C69: Chưa xác định | D69: 1869 | E69: 21 | F69: Không còn/Chưa tìm thấy | G69: P. Trương Vĩnh Ký | H69: Chưa xác định | I69: Năm 1869 có hiện tượng số báo và thời điểm phát hành không khớp; không suy đoán ngày khi nguồn chưa đủ. Chánh tổng tài ghi theo giai đoạn phụ trách, không phải xác nhận trực tiếp từ bản báo bị thiếu. | J69: =IF(F69="Còn",IF(D69=1865,"Thư viện Khoa học Tổng hợp TP.HCM; Southeast Asian Newspapers","Thư viện Quốc gia Pháp (BnF)"),"—") -> —
A70: 66 | B70: GĐB 1869-N22 | C70: Chưa xác định | D70: 1869 | E70: 22 | F70: Không còn/Chưa tìm thấy | G70: P. Trương Vĩnh Ký | H70: Chưa xác định | I70: Năm 1869 có hiện tượng số báo và thời điểm phát hành không khớp; không suy đoán ngày khi nguồn chưa đủ. Chánh tổng tài ghi theo giai đoạn phụ trách, không phải xác nhận trực tiếp từ bản báo bị thiếu. | J70: =IF(F70="Còn",IF(D70=1865,"Thư viện Khoa học Tổng hợp TP.HCM; Southeast Asian Newspapers","Thư viện Quốc gia Pháp (BnF)"),"—") -> —
A71: 67 | B71: GĐB 1869-N23 | C71: 24/10/1869 | D71: 1869 | E71: 23 | F71: Còn | G71: P. Trương Vĩnh Ký | H71: Xác nhận từ tư liệu hiện có | J71: =IF(F71="Còn",IF(D71=1865,"Thư viện Khoa học Tổng hợp TP.HCM; Southeast Asian Newspapers","Thư viện Quốc gia Pháp (BnF)"),"—") -> Thư viện Quốc gia Pháp (BnF)
A72: 68 | B72: GĐB 1869-N24 | C72: Chưa xác định | D72: 1869 | E72: 24 | F72: Không còn/Chưa tìm thấy | G72: P. Trương Vĩnh Ký | H72: Chưa xác định | I72: Năm 1869 có hiện tượng số báo và thời điểm phát hành không khớp; không suy đoán ngày khi nguồn chưa đủ. Chánh tổng tài ghi theo giai đoạn phụ trách, không phải xác nhận trực tiếp từ bản báo bị thiếu. | J72: =IF(F72="Còn",IF(D72=1865,"Thư viện Khoa học Tổng hợp TP.HCM; Southeast Asian Newspapers","Thư viện Quốc gia Pháp (BnF)"),"—") -> —
A73: 69 | B73: GĐB 1869-N25 | C73: Chưa xác định | D73: 1869 | E73: 25 | F73: Không còn/Chưa tìm thấy | G73: P. Trương Vĩnh Ký | H73: Chưa xác định | I73: Năm 1869 có hiện tượng số báo và thời điểm phát hành không khớp; không suy đoán ngày khi nguồn chưa đủ. Chánh tổng tài ghi theo giai đoạn phụ trách, không phải xác nhận trực tiếp từ bản báo bị thiếu. | J73: =IF(F73="Còn",IF(D73=1865,"Thư viện Khoa học Tổng hợp TP.HCM; Southeast Asian Newspapers","Thư viện Quốc gia Pháp (BnF)"),"—") -> —
A74: 70 | B74: GĐB 1869-N26 | C74: Chưa xác định | D74: 1869 | E74: 26 | F74: Không còn/Chưa tìm thấy | G74: P. Trương Vĩnh Ký | H74: Chưa xác định | I74: Năm 1869 có hiện tượng số báo và thời điểm phát hành không khớp; không suy đoán ngày khi nguồn chưa đủ. Chánh tổng tài ghi theo giai đoạn phụ trách, không phải xác nhận trực tiếp từ bản báo bị thiếu. | J74: =IF(F74="Còn",IF(D74=1865,"Thư viện Khoa học Tổng hợp TP.HCM; Southeast Asian Newspapers","Thư viện Quốc gia Pháp (BnF)"),"—") -> —
A75: 71 | B75: GĐB 1869-N27 | C75: Chưa xác định | D75: 1869 | E75: 27 | F75: Không còn/Chưa tìm thấy | G75: P. Trương Vĩnh Ký | H75: Chưa xác định | I75: Năm 1869 có hiện tượng số báo và thời điểm phát hành không khớp; không suy đoán ngày khi nguồn chưa đủ. Chánh tổng tài ghi theo giai đoạn phụ trách, không phải xác nhận trực tiếp từ bản báo bị thiếu. | J75: =IF(F75="Còn",IF(D75=1865,"Thư viện Khoa học Tổng hợp TP.HCM; Southeast Asian Newspapers","Thư viện Quốc gia Pháp (BnF)"),"—") -> —
A76: 72 | B76: GĐB 1869-N28 | C76: 01/12/1869 | D76: 1869 | E76: 28 | F76: Còn | G76: G. Janneau (lãnh thế việc nhựt trình) | H76: Xác nhận từ tư liệu hiện có | I76: Số này được PPT/BnF xác nhận còn nhưng chưa có trong corpus nội dung Excel 60 số; báo ghi G. Janneau 'lãnh thế việc nhựt trình'. | J76: =IF(F76="Còn",IF(D76=1865,"Thư viện Khoa học Tổng hợp TP.HCM; Southeast Asian Newspapers","Thư viện Quốc gia Pháp (BnF)"),"—") -> Thư viện Quốc gia Pháp (BnF)
A77: 73 | B77: GĐB 1869-N29 | C77: Chưa xác định | D77: 1869 | E77: 29 | F77: Không còn/Chưa tìm thấy | G77: P. Trương Vĩnh Ký | H77: Chưa xác định | I77: Năm 1869 có hiện tượng số báo và thời điểm phát hành không khớp; không suy đoán ngày khi nguồn chưa đủ. Chánh tổng tài ghi theo giai đoạn phụ trách, không phải xác nhận trực tiếp từ bản báo bị thiếu. | J77: =IF(F77="Còn",IF(D77=1865,"Thư viện Khoa học Tổng hợp TP.HCM; Southeast Asian Newspapers","Thư viện Quốc gia Pháp (BnF)"),"—") -> —
A78: 74 | B78: GĐB 1869-N30 | C78: Chưa xác định | D78: 1869 | E78: 30 | F78: Không còn/Chưa tìm thấy | G78: P. Trương Vĩnh Ký | H78: Chưa xác định | I78: Năm 1869 có hiện tượng số báo và thời điểm phát hành không khớp; không suy đoán ngày khi nguồn chưa đủ. Chánh tổng tài ghi theo giai đoạn phụ trách, không phải xác nhận trực tiếp từ bản báo bị thiếu. | J78: =IF(F78="Còn",IF(D78=1865,"Thư viện Khoa học Tổng hợp TP.HCM; Southeast Asian Newspapers","Thư viện Quốc gia Pháp (BnF)"),"—") -> —
A79: 75 | B79: GĐB 1869-N31 | C79: Chưa xác định | D79: 1869 | E79: 31 | F79: Không còn/Chưa tìm thấy | G79: P. Trương Vĩnh Ký | H79: Chưa xác định | I79: Năm 1869 có hiện tượng số báo và thời điểm phát hành không khớp; không suy đoán ngày khi nguồn chưa đủ. Chánh tổng tài ghi theo giai đoạn phụ trách, không phải xác nhận trực tiếp từ bản báo bị thiếu. | J79: =IF(F79="Còn",IF(D79=1865,"Thư viện Khoa học Tổng hợp TP.HCM; Southeast Asian Newspapers","Thư viện Quốc gia Pháp (BnF)"),"—") -> —
A80: 76 | B80: GĐB 1870-N01 | C80: Chưa xác định | D80: 1870 | E80: 1 | F80: Không còn/Chưa tìm thấy | G80: P. Trương Vĩnh Ký | H80: Chưa xác định | I80: Ngày chưa xác định từ nguồn hiện có; không nội suy do nhịp phát hành thay đổi. Chánh tổng tài ghi theo giai đoạn phụ trách, không phải xác nhận trực tiếp từ bản báo bị thiếu. | J80: =IF(F80="Còn",IF(D80=1865,"Thư viện Khoa học Tổng hợp TP.HCM; Southeast Asian Newspapers","Thư viện Quốc gia Pháp (BnF)"),"—") -> —
A81: 77 | B81: GĐB 1870-N02 | C81: Chưa xác định | D81: 1870 | E81: 2 | F81: Không còn/Chưa tìm thấy | G81: P. Trương Vĩnh Ký | H81: Chưa xác định | I81: Ngày chưa xác định từ nguồn hiện có; không nội suy do nhịp phát hành thay đổi. Chánh tổng tài ghi theo giai đoạn phụ trách, không phải xác nhận trực tiếp từ bản báo bị thiếu. | J81: =IF(F81="Còn",IF(D81=1865,"Thư viện Khoa học Tổng hợp TP.HCM; Southeast Asian Newspapers","Thư viện Quốc gia Pháp (BnF)"),"—") -> —
A82: 78 | B82: GĐB 1870-N03 | C82: Chưa xác định | D82: 1870 | E82: 3 | F82: Không còn/Chưa tìm thấy | G82: P. Trương Vĩnh Ký | H82: Chưa xác định | I82: Ngày chưa xác định từ nguồn hiện có; không nội suy do nhịp phát hành thay đổi. Chánh tổng tài ghi theo giai đoạn phụ trách, không phải xác nhận trực tiếp từ bản báo bị thiếu. | J82: =IF(F82="Còn",IF(D82=1865,"Thư viện Khoa học Tổng hợp TP.HCM; Southeast Asian Newspapers","Thư viện Quốc gia Pháp (BnF)"),"—") -> —
A83: 79 | B83: GĐB 1870-N04 | C83: 01/02/1870 | D83: 1870 | E83: 4 | F83: Còn | G83: P. Trương Vĩnh Ký | H83: Xác nhận từ tư liệu hiện có | J83: =IF(F83="Còn",IF(D83=1865,"Thư viện Khoa học Tổng hợp TP.HCM; Southeast Asian Newspapers","Thư viện Quốc gia Pháp (BnF)"),"—") -> Thư viện Quốc gia Pháp (BnF)
A84: 80 | B84: GĐB 1870-N05 | C84: 16/02/1870 | D84: 1870 | E84: 5 | F84: Còn | G84: P. Trương Vĩnh Ký | H84: Xác nhận từ tư liệu hiện có | J84: =IF(F84="Còn",IF(D84=1865,"Thư viện Khoa học Tổng hợp TP.HCM; Southeast Asian Newspapers","Thư viện Quốc gia Pháp (BnF)"),"—") -> Thư viện Quốc gia Pháp (BnF)
A85: 81 | B85: GĐB 1870-N06 | C85: 24/02/1870 | D85: 1870 | E85: 6 | F85: Còn | G85: P. Trương Vĩnh Ký | H85: Xác nhận từ tư liệu hiện có | J85: =IF(F85="Còn",IF(D85=1865,"Thư viện Khoa học Tổng hợp TP.HCM; Southeast Asian Newspapers","Thư viện Quốc gia Pháp (BnF)"),"—") -> Thư viện Quốc gia Pháp (BnF)
A86: 82 | B86: GĐB 1870-N07 | C86: 01/03/1870 | D86: 1870 | E86: 7 | F86: Còn | G86: P. Trương Vĩnh Ký | H86: Xác nhận từ tư liệu hiện có | J86: =IF(F86="Còn",IF(D86=1865,"Thư viện Khoa học Tổng hợp TP.HCM; Southeast Asian Newspapers","Thư viện Quốc gia Pháp (BnF)"),"—") -> Thư viện Quốc gia Pháp (BnF)
A87: 83 | B87: GĐB 1870-N08 | C87: 08/03/1870 | D87: 1870 | E87: 8 | F87: Còn | G87: P. Trương Vĩnh Ký | H87: Xác nhận từ tư liệu hiện có | J87: =IF(F87="Còn",IF(D87=1865,"Thư viện Khoa học Tổng hợp TP.HCM; Southeast Asian Newspapers","Thư viện Quốc gia Pháp (BnF)"),"—") -> Thư viện Quốc gia Pháp (BnF)
A88: 84 | B88: GĐB 1870-N09 | C88: 24/03/1870 | D88: 1870 | E88: 9 | F88: Còn | G88: P. Trương Vĩnh Ký | H88: Xác nhận từ tư liệu hiện có | J88: =IF(F88="Còn",IF(D88=1865,"Thư viện Khoa học Tổng hợp TP.HCM; Southeast Asian Newspapers","Thư viện Quốc gia Pháp (BnF)"),"—") -> Thư viện Quốc gia Pháp (BnF)
A89: 85 | B89: GĐB 1870-N10 | C89: 01/04/1870 | D89: 1870 | E89: 10 | F89: Còn | G89: P. Trương Vĩnh Ký | H89: Xác nhận từ tư liệu hiện có | J89: =IF(F89="Còn",IF(D89=1865,"Thư viện Khoa học Tổng hợp TP.HCM; Southeast Asian Newspapers","Thư viện Quốc gia Pháp (BnF)"),"—") -> Thư viện Quốc gia Pháp (BnF)
A90: 86 | B90: GĐB 1870-N11 | C90: 08/04/1870 | D90: 1870 | E90: 11 | F90: Không còn/Chưa tìm thấy | G90: P. Trương Vĩnh Ký | H90: Suy ra theo lịch phát hành | I90: Chánh tổng tài ghi theo giai đoạn phụ trách, không phải xác nhận trực tiếp từ bản báo bị thiếu. | J90: =IF(F90="Còn",IF(D90=1865,"Thư viện Khoa học Tổng hợp TP.HCM; Southeast Asian Newspapers","Thư viện Quốc gia Pháp (BnF)"),"—") -> —
A91: 87 | B91: GĐB 1870-N12 | C91: 16/04/1870 | D91: 1870 | E91: 12 | F91: Không còn/Chưa tìm thấy | G91: P. Trương Vĩnh Ký | H91: Suy ra theo lịch phát hành | I91: Chánh tổng tài ghi theo giai đoạn phụ trách, không phải xác nhận trực tiếp từ bản báo bị thiếu. | J91: =IF(F91="Còn",IF(D91=1865,"Thư viện Khoa học Tổng hợp TP.HCM; Southeast Asian Newspapers","Thư viện Quốc gia Pháp (BnF)"),"—") -> —
A92: 88 | B92: GĐB 1870-N13 | C92: 24/04/1870 | D92: 1870 | E92: 13 | F92: Còn | G92: P. Trương Vĩnh Ký | H92: Xác nhận từ tư liệu hiện có | J92: =IF(F92="Còn",IF(D92=1865,"Thư viện Khoa học Tổng hợp TP.HCM; Southeast Asian Newspapers","Thư viện Quốc gia Pháp (BnF)"),"—") -> Thư viện Quốc gia Pháp (BnF)
A93: 89 | B93: GĐB 1870-N14 | C93: Chưa xác định | D93: 1870 | E93: 14 | F93: Không còn/Chưa tìm thấy | G93: P. Trương Vĩnh Ký | H93: Chưa xác định | I93: Ngày chưa xác định từ nguồn hiện có; không nội suy do nhịp phát hành thay đổi. Chánh tổng tài ghi theo giai đoạn phụ trách, không phải xác nhận trực tiếp từ bản báo bị thiếu. | J93: =IF(F93="Còn",IF(D93=1865,"Thư viện Khoa học Tổng hợp TP.HCM; Southeast Asian Newspapers","Thư viện Quốc gia Pháp (BnF)"),"—") -> —
A94: 90 | B94: GĐB 1870-N15 | C94: Chưa xác định | D94: 1870 | E94: 15 | F94: Không còn/Chưa tìm thấy | G94: P. Trương Vĩnh Ký | H94: Chưa xác định | I94: Ngày chưa xác định từ nguồn hiện có; không nội suy do nhịp phát hành thay đổi. Chánh tổng tài ghi theo giai đoạn phụ trách, không phải xác nhận trực tiếp từ bản báo bị thiếu. | J94: =IF(F94="Còn",IF(D94=1865,"Thư viện Khoa học Tổng hợp TP.HCM; Southeast Asian Newspapers","Thư viện Quốc gia Pháp (BnF)"),"—") -> —
A95: 91 | B95: GĐB 1870-N16 | C95: Chưa xác định | D95: 1870 | E95: 16 | F95: Không còn/Chưa tìm thấy | G95: P. Trương Vĩnh Ký | H95: Chưa xác định | I95: Ngày chưa xác định từ nguồn hiện có; không nội suy do nhịp phát hành thay đổi. Chánh tổng tài ghi theo giai đoạn phụ trách, không phải xác nhận trực tiếp từ bản báo bị thiếu. | J95: =IF(F95="Còn",IF(D95=1865,"Thư viện Khoa học Tổng hợp TP.HCM; Southeast Asian Newspapers","Thư viện Quốc gia Pháp (BnF)"),"—") -> —
A96: 92 | B96: GĐB 1870-N17 | C96: Chưa xác định | D96: 1870 | E96: 17 | F96: Không còn/Chưa tìm thấy | G96: P. Trương Vĩnh Ký | H96: Chưa xác định | I96: Ngày chưa xác định từ nguồn hiện có; không nội suy do nhịp phát hành thay đổi. Chánh tổng tài ghi theo giai đoạn phụ trách, không phải xác nhận trực tiếp từ bản báo bị thiếu. | J96: =IF(F96="Còn",IF(D96=1865,"Thư viện Khoa học Tổng hợp TP.HCM; Southeast Asian Newspapers","Thư viện Quốc gia Pháp (BnF)"),"—") -> —
A97: 93 | B97: GĐB 1870-N18 | C97: Chưa xác định | D97: 1870 | E97: 18 | F97: Không còn/Chưa tìm thấy | G97: P. Trương Vĩnh Ký | H97: Chưa xác định | I97: Ngày chưa xác định từ nguồn hiện có; không nội suy do nhịp phát hành thay đổi. Chánh tổng tài ghi theo giai đoạn phụ trách, không phải xác nhận trực tiếp từ bản báo bị thiếu. | J97: =IF(F97="Còn",IF(D97=1865,"Thư viện Khoa học Tổng hợp TP.HCM; Southeast Asian Newspapers","Thư viện Quốc gia Pháp (BnF)"),"—") -> —
A98: 94 | B98: GĐB 1870-N19 | C98: Chưa xác định | D98: 1870 | E98: 19 | F98: Không còn/Chưa tìm thấy | G98: P. Trương Vĩnh Ký | H98: Chưa xác định | I98: Ngày chưa xác định từ nguồn hiện có; không nội suy do nhịp phát hành thay đổi. Chánh tổng tài ghi theo giai đoạn phụ trách, không phải xác nhận trực tiếp từ bản báo bị thiếu. | J98: =IF(F98="Còn",IF(D98=1865,"Thư viện Khoa học Tổng hợp TP.HCM; Southeast Asian Newspapers","Thư viện Quốc gia Pháp (BnF)"),"—") -> —
A99: 95 | B99: GĐB 1870-N20 | C99: Chưa xác định | D99: 1870 | E99: 20 | F99: Không còn/Chưa tìm thấy | G99: P. Trương Vĩnh Ký | H99: Chưa xác định | I99: Ngày chưa xác định từ nguồn hiện có; không nội suy do nhịp phát hành thay đổi. Chánh tổng tài ghi theo giai đoạn phụ trách, không phải xác nhận trực tiếp từ bản báo bị thiếu. | J99: =IF(F99="Còn",IF(D99=1865,"Thư viện Khoa học Tổng hợp TP.HCM; Southeast Asian Newspapers","Thư viện Quốc gia Pháp (BnF)"),"—") -> —
A100: 96 | B100: GĐB 1870-N21 | C100: Chưa xác định | D100: 1870 | E100: 21 | F100: Không còn/Chưa tìm thấy | G100: P. Trương Vĩnh Ký | H100: Chưa xác định | I100: Ngày chưa xác định từ nguồn hiện có; không nội suy do nhịp phát hành thay đổi. Chánh tổng tài ghi theo giai đoạn phụ trách, không phải xác nhận trực tiếp từ bản báo bị thiếu. | J100: =IF(F100="Còn",IF(D100=1865,"Thư viện Khoa học Tổng hợp TP.HCM; Southeast Asian Newspapers","Thư viện Quốc gia Pháp (BnF)"),"—") -> —
A101: 97 | B101: GĐB 1870-N22 | C101: Chưa xác định | D101: 1870 | E101: 22 | F101: Không còn/Chưa tìm thấy | G101: P. Trương Vĩnh Ký | H101: Chưa xác định | I101: Ngày chưa xác định từ nguồn hiện có; không nội suy do nhịp phát hành thay đổi. Chánh tổng tài ghi theo giai đoạn phụ trách, không phải xác nhận trực tiếp từ bản báo bị thiếu. | J101: =IF(F101="Còn",IF(D101=1865,"Thư viện Khoa học Tổng hợp TP.HCM; Southeast Asian Newspapers","Thư viện Quốc gia Pháp (BnF)"),"—") -> —
...

Sheet GDB 1866-1871
A1: DATE | B1: N0 | C1: Chánh tổng tài | D1: Mục | E1: Tên bài (nếu có) | F1: Tên đặt tạm thời | G1: Hình thức chính | H1: Hình thức phụ | I1: Nội dung chính | J1: Nội dung phụ | K1: Từ khoá | L1: Tóm tắt nội dung | M1: Ghi chú phân loại | N1: OCR | O1: Người đăng bài | P1: Người gửi bài (chuẩn hóa) | Q1: Nhóm | R1: Thời kỳ | S1: Năm (phụ) | T1: Mục (chuẩn hóa) | V1: Khóa ngày (yyyymmdd)
A2: 15/07/1865 | B2: 4 | C2: E.POTTEAUX | D2: Công vụ | E2: Không có | F2: Cuộc chạy đua ngày 25 tháng 6 (thể lệ và giải thưởng) | G2: Văn bản công quyền – quy phạm – quyết định | I2: Văn hóa – xã hội – phong tục – đời sống | K2: đua xe bò; đua lừa; đua ngựa Annam; thể lệ cuộc đua; giải thưởng; ngày 25 tháng 6 | L2: Thông báo thể lệ cuộc đua ngày 25 tháng 6 Annam (giờ thứ 6 rưỡi sáng): cuộc 1 đua xe bò (~1.000 m, giải 150/50/25 quan); cuộc 2 đua lừa (~1.500 m, 200/80/25); cuộc 3 đua ngựa Annam do người Annam cỡi mặc đồ Annam (300/100/50); cuộc 4 đua ngựa Mán/Chàm/Quảng-đông (400/100); cuộc 5 đua chung ngựa các nước (2.500 m, 1.000/100). Kèm các quy định ghi danh, ba người phán xử, cách trao giải. | M2: Thông báo thể lệ + giải thưởng cuộc đua; có quy định ghi danh/phán xử → HT: Văn bản công quyền – quy phạm – quyết định; ND: Văn hóa – xã hội – phong tục – đời sống (sự kiện đua). | R2: Potteaux | S2: =IFERROR(VALUE(RIGHT(TRIM(A2),4)),"") -> 1865 | T2: =IF(TRIM(D2)="Tập vụ","Tạp vụ",TRIM(D2)) -> Công vụ | V2: =IF($A2="","",VALUE(MID($A2,7,4)&MID($A2,4,2)&MID($A2,1,2))) -> 18650715
A3: 15/07/1865 | B3: 4 | C3: E.POTTEAUX | D3: Công vụ | E3: Không có | F3: Hội-đồng canh nông – khuyến khích nông nghiệp và nghề nghiệp | G3: Nghị luận – bình luận – khuyến dụ – giáo huấn | I3: Nông nghiệp – sản xuất – nghề nghiệp | K3: hội đồng canh nông; khuyến nông; đấu xảo; nghề nghiệp; noi gương Pha-lang-sa; phát thưởng | L3: Bài giới thiệu Hội-đồng lập sổ các giống cây trồng, vật nuôi, so sánh cách làm với các nước để khuyến khích dân cải tiến canh nông và nghề nghiệp; noi gương Pha-lang-sa lập hội thưởng để dân đua nhau chăm chỉ; sẽ tổ chức trưng bày (đấu xảo) và phát thưởng công bằng cho người làm ruộng, làm nghề giỏi. | M3: Bài khuyến khích cải tiến canh nông/nghề nghiệp → nghị luận–khuyến dụ; nội dung nông nghiệp–nghề nghiệp. | R3: Potteaux | S3: =IFERROR(VALUE(RIGHT(TRIM(A3),4)),"") -> 1865 | T3: =IF(TRIM(D3)="Tập vụ","Tạp vụ",TRIM(D3)) -> Công vụ | V3: =IF($A3="","",VALUE(MID($A3,7,4)&MID($A3,4,2)&MID($A3,1,2))) -> 18650715
A4: 15/07/1865 | B4: 4 | C4: E.POTTEAUX | D4: Công vụ | E4: Không có | F4: Tin tổng hợp: ông Boresse về Tây; tàu La-Guerrière; tha tù phát lưu | G4: Tin tổng hợp | H4: Tin – tường thuật sự kiện | I4: Đa chủ đề | K4: ông Boresse về Tây; tàu La-Guerrière; tha tù phát lưu; Vua Tự-Đức chuộc tù; Bắc-kinh – Nhựt-bổn | L4: Ông Boresse (quan Bộ Gia-định) về Pháp mồng 7 tháng này; tàu chiến La-Guerrière tới Sài-gòn rồi đi Bắc-kinh/Nhựt-bổn; tin một số tù phát lưu được tha nhờ công nghiệp, gởi thơ về nhà; đồn rằng Vua Tự-Đức chuộc tù. | M4: Ba việc độc lập (quan về Pháp, tàu chiến, tha tù), không lĩnh vực nào chi phối → tin tổng hợp; nội dung Đa chủ đề. | R4: Potteaux | S4: =IFERROR(VALUE(RIGHT(TRIM(A4),4)),"") -> 1865 | T4: =IF(TRIM(D4)="Tập vụ","Tạp vụ",TRIM(D4)) -> Công vụ | V4: =IF($A4="","",VALUE(MID($A4,7,4)&MID($A4,4,2)&MID($A4,1,2))) -> 18650715
A5: 15/07/1865 | B5: 4 | C5: E.POTTEAUX | D5: Công vụ | E5: Không có | F5: Tin các nơi: Hoàng-đế Pha-lang-sa, tàu La-place, mùa màng, xã trưởng ăn hối lộ | G5: Tin tổng hợp | H5: Tin – tường thuật sự kiện | I5: Đa chủ đề | K5: tàu La-place; Hoàng-đế Pha-lang-sa; xã trưởng ăn hối lộ; ruộng muối Chợ-bến; mùa lúa; Tham-biện Tân-an | L5: Tàu La-place về Sài-gòn đem tin Hoàng-đế Pha-lang-sa còn ở Alger; tàu máy kéo ghe vào Chợ-lớn; mưa nhiều hơn năm ngoái hứa hẹn mùa lúa tốt; xã trưởng Kiên-sảng (xã Danh) ăn tiền hối lộ của dân bị xử; nhà buôn Pháp mua gai; ruộng muối Chợ-bến phát cho dân; Tham-biện Tân-an dời sở qua làng Bình-lập; yết thị treo giải cuộc đua ngày 25/6. | M5: Nhiều tin địa phương độc lập, không lĩnh vực nào chi phối → tin tổng hợp; nội dung Đa chủ đề. | R5: Potteaux | S5: =IFERROR(VALUE(RIGHT(TRIM(A5),4)),"") -> 1865 | T5: =IF(TRIM(D5)="Tập vụ","Tạp vụ",TRIM(D5)) -> Công vụ | V5: =IF($A5="","",VALUE(MID($A5,7,4)&MID($A5,4,2)&MID($A5,1,2))) -> 18650715
A6: 15/07/1865 | B6: 4 | C6: E.POTTEAUX | D6: Công vụ | E6: CHUYỆN TÀU MITRAILLE | F6: – đi bắt tàu ô gần Bình-thuận | G6: Tin – tường thuật sự kiện | I6: Pháp luật – tư pháp – an ninh | J6: Quân sự – chiến sự | K6: tàu Mitraille; bắt tàu ô; cướp biển Bình-thuận; ghe buôn tự vệ; E. Potteaux | L6: Ngày 29 tháng 4 tàu Mitraille đưa quan Tuần-phủ Bình-thuận ra tỉnh, nhân tiện đi tuần bắt tàu ô (cướp biển); hỏi dân biết nơi có cướp thì chạy tới cửa phá; nhiều ghe buôn có súng để tự vệ. Ký: E. Potteaux, thông ngôn. | O6: E POTTEAUX | P6: E. Potteaux | Q6: Tòa soạn | R6: Potteaux | S6: =IFERROR(VALUE(RIGHT(TRIM(A6),4)),"") -> 1865 | T6: =IF(TRIM(D6)="Tập vụ","Tạp vụ",TRIM(D6)) -> Công vụ | V6: =IF($A6="","",VALUE(MID($A6,7,4)&MID($A6,4,2)&MID($A6,1,2))) -> 18650715
A7: 15/07/1865 | B7: 4 | C7: E.POTTEAUX | D7: Tạp vụ | E7: Không có | F7: Lễ kiệu ảnh tại nhà thờ Sài-gòn (22 tháng 5) | G7: Tin – tường thuật sự kiện | I7: Tôn giáo – tín ngưỡng | J7: Văn hóa – xã hội – phong tục – đời sống | K7: lễ kiệu ảnh; nhà thờ Sài-gòn; rước Mình Thánh Chúa; người Khách múa rồng; quan Nguyên-Soái; Paulus Của | L7: Ngày 22 tháng 5 tại nhà thờ nhà nước Sài-gòn có lễ kiệu ảnh (rước Mình Thánh Chúa) trọng thể: các bổn đạo, thầy cả, học trò trường Pha-lang-sa, cầm cờ lọng; người Khách (Hoa) múa rồng; đông người đi coi; quan Nguyên-Soái và các quan chực hầu tại Cầu-quan. Ký: Paulus Của. | M7: Thuật lễ kiệu ảnh tại nhà thờ Sài-gòn → tin sự kiện; tôn giáo, phụ văn hóa–xã hội. | O7: pauluscua | P7: Paulus Của (Huỳnh Tịnh Của) | Q7: Tòa soạn | R7: Potteaux | S7: =IFERROR(VALUE(RIGHT(TRIM(A7),4)),"") -> 1865 | T7: =IF(TRIM(D7)="Tập vụ","Tạp vụ",TRIM(D7)) -> Tạp vụ | V7: =IF($A7="","",VALUE(MID($A7,7,4)&MID($A7,4,2)&MID($A7,1,2))) -> 18650715
A8: 15/07/1865 | B8: 4 | C8: E.POTTEAUX | D8: Tạp vụ | E8: Không có | F8: Bắt tàu ô; tình hình mùa màng và bang giao | G8: Tin tổng hợp | I8: Đa chủ đề | K8: bắt tàu ô; mùa màng tốt; bang giao Annam – Pha-lang-sa; tịch súng đạn; Paulus Của | L8: Tháng trước bắt 5 chiếc tàu ô giao quan án Sài-gòn (tha 1, tịch súng đạn 2 chiếc rồi tha...); năm nay mưa thuận mùa màng tốt, dân đã yên hơn trước; bàn về việc hai nước Annam–Pha-lang-sa hòa hảo, Vua Annam đã hiểu tài sức Pha-lang-sa. Ký: Paulus Của. | M8: Bắt tàu ô + mùa màng + bang giao, đa lĩnh vực → tin tổng hợp; nội dung Đa chủ đề. | O8: pauluscua | P8: Paulus Của (Huỳnh Tịnh Của) | Q8: Tòa soạn | R8: Potteaux | S8: =IFERROR(VALUE(RIGHT(TRIM(A8),4)),"") -> 1865 | T8: =IF(TRIM(D8)="Tập vụ","Tạp vụ",TRIM(D8)) -> Tạp vụ | V8: =IF($A8="","",VALUE(MID($A8,7,4)&MID($A8,4,2)&MID($A8,1,2))) -> 18650715
A9: 15/07/1865 | B9: 4 | C9: E.POTTEAUX | D9: Công vụ | E9: Không có | F9: Việc làm sổ bộ dân và điều tra nghề nghiệp, ruộng đất | G9: Tin – tường thuật sự kiện | I9: Chính trị – hành chính | J9: Nông nghiệp – sản xuất – nghề nghiệp | K9: làm sổ bộ dân; điều tra nghề nghiệp; ruộng đất; làng Bình-hòa Gò-vấp; tiền thưởng làm ruộng; Paulus Của | L9: Chính quyền Pha-lang-sa muốn nắm rõ dân tình: nghề nghiệp, ruộng vườn; tháng trước quan Thượng-thơ sai Phủ Sài-gòn vào làng Bình-hòa Gò-vấp làm sổ (biên nam phụ lão ấu, tứ nghệ); quan đang lo đúc tiền thưởng hạng nhất/nhì/ba cho người làm ruộng, làm nghề giỏi. Ký: Paulus Của. | M9: Thuật việc lập sổ bộ dân, điều tra nghề nghiệp/ruộng đất → tin sự kiện; hành chính, phụ nông nghiệp–nghề nghiệp. | O9: pauluscua | P9: Paulus Của (Huỳnh Tịnh Của) | Q9: Tòa soạn | R9: Potteaux | S9: =IFERROR(VALUE(RIGHT(TRIM(A9),4)),"") -> 1865 | T9: =IF(TRIM(D9)="Tập vụ","Tạp vụ",TRIM(D9)) -> Công vụ | V9: =IF($A9="","",VALUE(MID($A9,7,4)&MID($A9,4,2)&MID($A9,1,2))) -> 18650715
A10: 15/07/1865 | B10: 4 | C10: E.POTTEAUX | D10: Tạp vụ | E10: Không có | F10: Vụ án giết lính Ma-tà tại làng Đức-lập | G10: Tin – tường thuật sự kiện | I10: Pháp luật – tư pháp – an ninh | K10: án giết lính Ma-tà; làng Đức-lập; Chợ-lớn; điều tra; Paulus Của | L10: Mồng 9 tháng 5 nhuần gặp một tên Ma-tà (lính) bị đâm lòi ruột bỏ tại làng Đức-lập gần mé sông Chợ-lớn; đang điều tra. Ký: Paulus Của. | M10: Thuật vụ giết lính Ma-tà, đang điều tra → tin sự kiện; pháp luật–an ninh. | R10: Potteaux | S10: =IFERROR(VALUE(RIGHT(TRIM(A10),4)),"") -> 1865 | T10: =IF(TRIM(D10)="Tập vụ","Tạp vụ",TRIM(D10)) -> Tạp vụ | V10: =IF($A10="","",VALUE(MID($A10,7,4)&MID($A10,4,2)&MID($A10,1,2))) -> 18650715
A11: 15/07/1865 | B11: 4 | C11: E.POTTEAUX | D11: Tạp vụ | E11: Không có | F11: Thông báo nhận bài đăng trước mồng 7 tháng Tây | G11: Thông báo – yết thị | I11: Báo chí – xuất bản – truyền thông | K11: thông báo nhà in; hạn gởi bài mồng 7 tháng Tây; sắp chữ; Paulus Tôi | L11: Từ nay ai muốn đăng chuyện vào nhựt trình phải gởi trước ngày mồng 7 tháng Tây vì một mình người sắp chữ không làm kịp. Ký: Paulus Tôi (thợ sắp chữ nhà in). | M11: Nhà in thông báo hạn gởi bài → thông báo–yết thị; nội dung Báo chí–xuất bản–truyền thông. | O11: paulus toi | P11: Paulus Tỏi | Q11: Tòa soạn / nhà in | R11: Potteaux | S11: =IFERROR(VALUE(RIGHT(TRIM(A11),4)),"") -> 1865 | T11: =IF(TRIM(D11)="Tập vụ","Tạp vụ",TRIM(D11)) -> Tạp vụ | V11: =IF($A11="","",VALUE(MID($A11,7,4)&MID($A11,4,2)&MID($A11,1,2))) -> 18650715
A12: 15/07/1865 | B12: 4 | C12: E.POTTEAUX | D12: Tạp vụ | E12: Không có | F12: Vụ đò giết người khách tại Ong-bé | G12: Tin – tường thuật sự kiện | I12: Pháp luật – tư pháp – an ninh | K12: vụ đò giết người; người khách Triều-châu; Ong-bé; quan Án Sài-gòn; Paulus Của | L12: Quan Án Sài-gòn đang tra vụ đò giết người các chú (Hoa) tại Ong-bé; mồng 8 tháng này có tên khách Triều-châu ở Chợ-lớn đi ra ngoài tàu. Ký: Paulus Của. | M12: Thuật vụ đò giết người khách, quan Án tra → tin sự kiện; pháp luật–an ninh. | O12: palus cua | P12: Paulus Của (Huỳnh Tịnh Của) | Q12: Tòa soạn | R12: Potteaux | S12: =IFERROR(VALUE(RIGHT(TRIM(A12),4)),"") -> 1865 | T12: =IF(TRIM(D12)="Tập vụ","Tạp vụ",TRIM(D12)) -> Tạp vụ | V12: =IF($A12="","",VALUE(MID($A12,7,4)&MID($A12,4,2)&MID($A12,1,2))) -> 18650715
A13: 15/07/1865 | B13: 4 | C13: E.POTTEAUX | D13: Tạp vụ | E13: Không có | F13: Giá chợ: Phú-cương | G13: Bảng giá – bảng kê – danh sách – thống kê | I13: Kinh tế – tài chính – thương mại | K13: giá chợ; Phú-cương; gạo lúa; trâu bò; giá cả | L13: Giá tại chợ Phú-cương: gạo 7 quan/vuông, lúa 5 quan 5, trâu 150 quan, bò 90 quan. | M13: Bảng giá chợ Phú-cương (hàng hóa + giá) → bảng giá/thống kê; kinh tế–thương mại. | R13: Potteaux | S13: =IFERROR(VALUE(RIGHT(TRIM(A13),4)),"") -> 1865 | T13: =IF(TRIM(D13)="Tập vụ","Tạp vụ",TRIM(D13)) -> Tạp vụ | V13: =IF($A13="","",VALUE(MID($A13,7,4)&MID($A13,4,2)&MID($A13,1,2))) -> 18650715
A14: 15/07/1865 | B14: 4 | C14: E.POTTEAUX | D14: Tạp vụ | E14: Không có | F14: Giá chợ: Phước-chánh | G14: Bảng giá – bảng kê – danh sách – thống kê | I14: Kinh tế – tài chính – thương mại | K14: giá chợ; Phước-chánh; gạo lúa; muối; đường trắng | L14: Giá tại chợ Phước-chánh: gạo 7 quan, lúa 3 quan 5, muối, đường trắng. | M14: Bảng giá chợ Phước-chánh → bảng giá/thống kê; kinh tế–thương mại. | R14: Potteaux | S14: =IFERROR(VALUE(RIGHT(TRIM(A14),4)),"") -> 1865 | T14: =IF(TRIM(D14)="Tập vụ","Tạp vụ",TRIM(D14)) -> Tạp vụ | V14: =IF($A14="","",VALUE(MID($A14,7,4)&MID($A14,4,2)&MID($A14,1,2))) -> 18650715
A15: 15/07/1865 | B15: 4 | C15: E.POTTEAUX | D15: Tạp vụ | E15: Không có | F15: Giá chợ: Mỹ-tho | G15: Bảng giá – bảng kê – danh sách – thống kê | I15: Kinh tế – tài chính – thương mại | K15: giá chợ; Mỹ-tho; Kiên-hòa Kiên-hưng; gạo; giá cả | L15: Giá tại Mỹ-tho và các huyện Kiên-hòa/Kiên-hưng/Kiên-đặng/Kiên-phong: gạo 6–6,7 quan/vuông. | M15: Bảng giá chợ Mỹ-tho và các huyện → bảng giá/thống kê; kinh tế–thương mại. | R15: Potteaux | S15: =IFERROR(VALUE(RIGHT(TRIM(A15),4)),"") -> 1865 | T15: =IF(TRIM(D15)="Tập vụ","Tạp vụ",TRIM(D15)) -> Tạp vụ | V15: =IF($A15="","",VALUE(MID($A15,7,4)&MID($A15,4,2)&MID($A15,1,2))) -> 18650715
A16: 15/07/1865 | B16: 4 | C16: E.POTTEAUX | D16: Tạp vụ | E16: Không có | F16: Long-thành | G16: Bảng giá – bảng kê – danh sách – thống kê | I16: Kinh tế – tài chính – thương mại | K16: giá chợ; Long-thành; gạo lúa; đường trắng đen; giá cả | L16: Giá hàng hóa tại Long-thành: gạo 16 quan/tạ, lúa 3 quan 7, đường trắng/đen. | M16: Bảng giá hàng hóa Long-thành → bảng giá/thống kê; kinh tế–thương mại. | R16: Potteaux | S16: =IFERROR(VALUE(RIGHT(TRIM(A16),4)),"") -> 1865 | T16: =IF(TRIM(D16)="Tập vụ","Tạp vụ",TRIM(D16)) -> Tạp vụ | V16: =IF($A16="","",VALUE(MID($A16,7,4)&MID($A16,4,2)&MID($A16,1,2))) -> 18650715
A17: 15/08/1865 | B17: 5 | C17: E.POTTEAUX | D17: Công vụ | E17: CÔNG VỤ | F17: Ban bằng cấp thật thọ cho các cai tổng có công; khen thưởng các làng giữ dân; thử nghiệm nghề tằm tơ | G17: Tin tổng hợp | I17: Chính trị – hành chính | J17: Nông nghiệp – sản xuất – nghề nghiệp | K17: bằng cấp thật thọ; cai tổng có công; khen thưởng làng giữ dân; nghề tằm tơ; Định-tường; nguyệt bổng 45 quan | L17: Nhân lễ khánh hạ Đức Hoàng-đế Pha-lang-sa, quan Nguyên-Soái ban bằng cấp "thật thọ" cho các cai tổng lâu năm có công, được lãnh bổng 45 quan/tháng (theo lệ lương cựu trào cấp cho biện binh khi trước). Báo sẽ biên riêng danh sách các cai tổng, lý trưởng, hương chức người Annam có công giúp dân. Khen thôn trưởng, hương chức các làng Mi-tra, Vinh-quới, Lộc-thuận, Phú-vạn (tỉnh Định-tường) đã giữ dân khỏi trộm cướp và bè đảng loạn (ngày 30 tháng nhuận ngũ nguyệt); quan Nguyên-Soái gởi lời thăm và ban thưởng riêng cho người có công. Từ tháng sau sẽ kê danh sách tù được tha nhân dịp lễ. Lãnh sự Pha-lang-sa tại Nhựt-bổn gởi tằm và giống cây nuôi tằm về thử nghiệm nghề làm tơ. | M17: Ban bằng cấp cai tổng + khen làng giữ dân + thử nghề tằm tơ → tin tổng hợp; hành chính, phụ nông nghiệp. | R17: Potteaux | S17: =IFERROR(VALUE(RIGHT(TRIM(A17),4)),"") -> 1865 | T17: =IF(TRIM(D17)="Tập vụ","Tạp vụ",TRIM(D17)) -> Công vụ | V17: =IF($A17="","",VALUE(MID($A17,7,4)&MID($A17,4,2)&MID($A17,1,2))) -> 18650815
A18: 15/08/1865 | B18: 5 | C18: E.POTTEAUX | D18: Công vụ | E18: Không có | F18: Bán đấu giá 12 ngựa dư dụng; bổ nhiệm tri huyện Kiên-phong; địa điểm cuộc đua ngày 25 tháng 6 | G18: Tin tổng hợp | I18: Đa chủ đề | K18: đấu giá 12 ngựa; trại ngựa Sài-gòn; tri huyện Kiên-phong; Trần-bá-Lộc; cuộc đua Mó-súng | L18: Ngày 26 tháng 5 nhuận yết thị bán đấu giá 12 con ngựa dư dụng tại trại ngựa Sài-gòn (mồng 2 tháng 6, giờ thứ 8 ban mai); người mua phải giao bạc trong 24 giờ rồi lãnh biên. Ngày 27 tháng 5 nhuận quan Nguyên-Soái thưởng công Trần-bá-Lộc, cho làm tri huyện Kiên-phong (Định-tường) thế Lê-Nhựt-Tuyên (xin phép về nghỉ), đồng thời cấp bằng cho Lê-Nhựt-Tuyên hồi hưu. Cuộc đua ngựa/xe bò ngày 25 tháng 6 định tổ chức tại Mó-súng, ngoài đồng tập trận. | M18: Đấu giá ngựa + bổ nhiệm + địa điểm đua, đa lĩnh vực → tin tổng hợp; nội dung Đa chủ đề. | R18: Potteaux | S18: =IFERROR(VALUE(RIGHT(TRIM(A18),4)),"") -> 1865 | T18: =IF(TRIM(D18)="Tập vụ","Tạp vụ",TRIM(D18)) -> Công vụ | V18: =IF($A18="","",VALUE(MID($A18,7,4)&MID($A18,4,2)&MID($A18,1,2))) -> 18650815
A19: 15/08/1865 | B19: 5 | C19: E.POTTEAUX | D19: Công vụ | E19: CHUYỆN TỔNG-BINH LUẬN | F19: Tội ác của Tổng-binh Trương-văn-Luận ở huyện Tân-hòa | G19: Tin – tường thuật sự kiện | I19: Pháp luật – tư pháp – an ninh | J19: Quân sự – chiến sự | K19: Tổng-binh Trương-văn-Luận; huyện Tân-hòa; tội ác giặc; Quản-định; nạn nhân bị giết; Gò-công | L19: Trương-văn-Luận (huyện Tân-hòa) làm đầu giặc không ra thú, vốn là bạn với Quản-định; từ Gò-công năm 1863 được Quản-định cho làm Tổng-binh, sau nhóm lấy chức Đề-đốc. Khi Quản-định chết, Luận tự làm chủ, sanh sát dữ dội, giục người làm điều tội ác trong huyện Tân-hòa; đã giết mấy mươi người. Báo kể một số nạn nhân: Đội Chi (Bình-tân), Xã Hữu và Xoai (hương chức Bình-luông-tây), Điền (Thuận-tắc), Nhiêu Vinh-lợi, Khề, và Lộc (Bình-ân) cả vợ cùng hai con bị đốt sống vì đi báo quan chỗ giấu súng. Luận đã xưng hết mọi tội ác, thiên hạ đều hay biết. | M19: Thuật tội ác giặc Trương-văn-Luận (giết nhiều người) → tin sự kiện; pháp luật–an ninh, phụ quân sự. | R19: Potteaux | S19: =IFERROR(VALUE(RIGHT(TRIM(A19),4)),"") -> 1865 | T19: =IF(TRIM(D19)="Tập vụ","Tạp vụ",TRIM(D19)) -> Công vụ | V19: =IF($A19="","",VALUE(MID($A19,7,4)&MID($A19,4,2)&MID($A19,1,2))) -> 18650815
A20: 15/08/1865 | B20: 5 | C20: E.POTTEAUX | D20: Công vụ | E20: Không có | F20: Định thuế điền tổng Thanh-phong (huyện Kiên-hòa, Mỹ-tho) | G20: Văn bản công quyền – quy phạm – quyết định | I20: Kinh tế – tài chính – thương mại | K20: định thuế điền; tổng Thanh-phong; huyện Kiên-hòa; Mỹ-tho; 9.209 quan | L20: Quan Nguyên-Soái chuẩn cho tổng Thanh-phong (huyện Kiên-hòa, tỉnh Mỹ-tho) nạp thuế điền theo mức mỗi vuông gạo 5 quan 5 tiền, tổng cộng 9.209 quan 7 tiền rưỡi, phải lo nạp cho cấp kỳ. | M20: Quyết định mức thuế điền tổng Thanh-phong → văn bản công quyền/quyết định; kinh tế–tài chính (thuế). Ranh giới tin/quyết định – cần rà. | R20: Potteaux | S20: =IFERROR(VALUE(RIGHT(TRIM(A20),4)),"") -> 1865 | T20: =IF(TRIM(D20)="Tập vụ","Tạp vụ",TRIM(D20)) -> Công vụ | V20: =IF($A20="","",VALUE(MID($A20,7,4)&MID($A20,4,2)&MID($A20,1,2))) -> 18650815
A21: 15/08/1865 | B21: 5 | C21: E.POTTEAUX | D21: Công vụ | E21: NGÀY MỒNG 9 THÁNG 6 | F21: Thưởng ban biện Khánh và làng Mi-tra chống đảng ngụy | G21: Văn bản công quyền – quy phạm – quyết định | I21: Pháp luật – tư pháp – an ninh | J21: Chính trị – hành chính | K21: thưởng ban biện Khánh; làng Mi-tra; chống đảng ngụy; đồng hồ; khí giới tự vệ; 1.000 quan | L21: Quan Nguyên-Soái thưởng ban biện Khánh (làng Mi-tra) một cái đồng hồ vì ngày 29 tháng 5 nhuần đã đốc sức dân đánh lui một đảng ngụy tới phá làng. Xét làng Mi-tra gan dạ, có lòng bền chặt với nhà nước, quan chuẩn cho làng sắm khí giới tự vệ; súng, thuốc, đạn lãnh tại quan Tỉnh-đốc Mỹ-tho. Do làng chịu tổn thất khi cự với đảng ngụy, quan ban cho làng 1.000 quan tiền để trợ giúp. | M21: Công bố thưởng/chuẩn/ban cho làng Mi-tra chống đảng ngụy → VBCQ/quyết định; thưởng vì giữ an ninh/chống loạn nên an ninh chính, phụ hành chính. | R21: Potteaux | S21: =IFERROR(VALUE(RIGHT(TRIM(A21),4)),"") -> 1865 | T21: =IF(TRIM(D21)="Tập vụ","Tạp vụ",TRIM(D21)) -> Công vụ | V21: =IF($A21="","",VALUE(MID($A21,7,4)&MID($A21,4,2)&MID($A21,1,2))) -> 18650815
A22: 15/08/1865 | B22: 5 | C22: E.POTTEAUX | D22: Tạp vụ | E22: LỄ BỔN MẠNG HOÀNG-ĐẾ PHA-LANG-SA (ngày 24 tháng 6) | F22: Chương trình lễ bổn mạng Hoàng-đế Pha-lang-sa | G22: Thông báo – yết thị | I22: Văn hóa – xã hội – phong tục – đời sống | J22: Tôn giáo – tín ngưỡng | K22: lễ bổn mạng Hoàng-đế; chương trình lễ; bắn súng mừng; đua ghe Annam; đốt pháo; 24 tháng 6 | L22: Chương trình lễ ngày 24 tháng 6: sáng mặt trời mọc bắn súng, tàu kéo cờ; giờ thứ 6 quân lính tựu tại lầu chuông để quan Nguyên-Soái điểm; giờ thứ 7 xuống Nhà thờ nhà nước xem lễ do Đức Cha làm; trưa bắn 21 tiếng súng mừng; xế tổ chức các cuộc chơi, đua ghe Annam giờ thứ 4 rưỡi chiều, đua tam bằng tàu chiến và tàu buôn; mặt trời lặn bắn súng lớn; tối thắp đèn; giờ thứ 8 rưỡi đốt pháo tại lầu chuông. | M22: Thông báo chương trình lễ bổn mạng Hoàng-đế → yết thị; văn hóa–xã hội, phụ tôn giáo (xuống nhà thờ xem lễ). | R22: Potteaux | S22: =IFERROR(VALUE(RIGHT(TRIM(A22),4)),"") -> 1865 | T22: =IF(TRIM(D22)="Tập vụ","Tạp vụ",TRIM(D22)) -> Tạp vụ | V22: =IF($A22="","",VALUE(MID($A22,7,4)&MID($A22,4,2)&MID($A22,1,2))) -> 18650815
A23: 15/08/1865 | B23: 5 | C23: E.POTTEAUX | D23: Tạp vụ | E23: Không có | F23: Các làng Vinh-quới, Lộc-thuận, Phú-vạn đánh thắng đảng cướp; tin tàu ô gần Hải-nam | G23: Tin tổng hợp | I23: Pháp luật – tư pháp – an ninh | J23: Quân sự – chiến sự | K23: làng Vinh-quới; Lộc-thuận; Phú-vạn; đánh thắng đảng cướp; tàu ô Hải-nam; Định-tường | L23: Ngày 31 tháng Juillet hơn 100 đứa ăn cướp (có 1 súng lớn, 3 súng ngựa, 50 mác) đốt làng Vinh-quới (huyện Kiên-hòa, Định-tường); làng hiệp đánh thắng. Sau đó chúng đánh hai làng Lộc-thuận và Phú-vạn; các làng cùng cự, tuy khí giới ít nhưng đông người nên thắng, thu nhiều mác, một khiêng, bắt 14 quân và 9 lính; dân làng có người bị thương, một người bị thương nặng ở đầu. Báo khen tinh thần các làng và bàn rằng người Annam nay đã mạnh mẽ chống quân nghịch. Tin thêm: tàu ô còn quấy ngoài biển, mới đánh một tàu Tây gần Hải-nam, lấy và đốt tàu; một bạn thuyền bị trói dưới biển được vớt đem về Sài-gòn. | M23: Hai việc độc lập: các làng đánh đảng cướp ở Định-tường + tàu ô đánh tàu Tây gần Hải-nam → tin tổng hợp; an ninh, phụ quân sự–chiến sự. | R23: Potteaux | S23: =IFERROR(VALUE(RIGHT(TRIM(A23),4)),"") -> 1865 | T23: =IF(TRIM(D23)="Tập vụ","Tạp vụ",TRIM(D23)) -> Tạp vụ | V23: =IF($A23="","",VALUE(MID($A23,7,4)&MID($A23,4,2)&MID($A23,1,2))) -> 18650815
A24: 15/08/1865 | B24: 5 | C24: E.POTTEAUX | D24: Tạp vụ | E24: CHUYỆN VỀ CHIẾC GHE HOA CHI CHÌM GẦN CẦN-GIỌC | F24: Vụ chìm ghe hoa chi chở bạc gần Cần-giọc | G24: Tin – tường thuật sự kiện | I24: Tai nạn – thiên tai – sự cố | K24: chìm ghe hoa chi; chở bạc; Cần-giọc; người chết đuối; lặn vớt bạc; Goutte Fanjas | L24: Ngày 12 tháng này một chiếc ghe hoa chi chở bạc chìm gần Cần-giọc; trên ghe 5 người (2 người Chệc, 3 người Annam) chở 1.050 quan tiền và đồ vật. Chỉ 1 người Annam sống sót; 4 người chết. Người hoa chi lặn được 550 quan, thuê người lặn thêm 430 quan (trả công người lặn 220 quan). Vớt được xác; nghi nguyên nhân chìm do gió vụt mạnh, chở tiền nặng quá, hoặc do đánh nhau dưới ghe — chưa rõ. Ký: Goutte Fanjas, thông ngôn. | M24: Thuật vụ chìm ghe chở bạc, 4 người chết đuối → tin sự kiện; tai nạn–sự cố. | O24: GOUTTE FANJAS, THÔNG NGÔN | P24: Goutte Fanjas | Q24: Thông ngôn | R24: Potteaux | S24: =IFERROR(VALUE(RIGHT(TRIM(A24),4)),"") -> 1865 | T24: =IF(TRIM(D24)="Tập vụ","Tạp vụ",TRIM(D24)) -> Tạp vụ | V24: =IF($A24="","",VALUE(MID($A24,7,4)&MID($A24,4,2)&MID($A24,1,2))) -> 18650815
A25: 15/08/1865 | B25: 5 | C25: E.POTTEAUX | D25: Tạp vụ | E25: Không có | F25: Trận làng Mi-tra đánh thắng đảng ngụy do Ban-biện-Khanh chỉ huy | G25: Tin – tường thuật sự kiện | I25: Quân sự – chiến sự | J25: Pháp luật – tư pháp – an ninh | K25: trận làng Mi-tra; Ban-biện-Khanh; đảng ngụy; cướp súng đồng; tổng Phong-thanh; A. Burnel | L25: Đêm 29 rạng 30 tháng 5 nhuần, giờ thứ 3, một đảng ngụy đánh làng Mi-tra (tổng Phong-thanh, huyện Kiên-phong), chia 3 đạo (2 bộ, 1 thủy). Ban-biện-Khanh cầm dân làng đánh lui đạo thứ nhứt (~30 người); trận thứ nhì ~50 người có 2 tướng (Thương-biện-Dương, Thống-quân-Long) đem 2 súng đồng lớn; dân làng cùng Ban-biện-Khanh xông cướp được một súng lớn, đánh bắt người gánh thùng thuốc, lấy 2 thùng thuốc và 2 củi đạn, rồi dùng chính súng ấy bắn trả đến sáng. Làng bị chết 1, thương 2 (1 bị chém ngang cổ không chết); ngụy bị thương 7–8 người, bắt sống 1. Ngụy đốt 4 nhà, 1 ghe và bắt 1 con gái 14 tuổi. Ký: A. Burnel, thông ngôn. | M25: Thuật trận làng Mi-tra chống đảng ngụy (súng đồng, giao tranh) → tin sự kiện; quân sự–chiến sự, phụ an ninh. Ranh giới an ninh/quân sự – cần rà. | O25: A BURNEL, THÔNG NGÔN | P25: A. Burnel | Q25: Thông ngôn | R25: Potteaux | S25: =IFERROR(VALUE(RIGHT(TRIM(A25),4)),"") -> 1865 | T25: =IF(TRIM(D25)="Tập vụ","Tạp vụ",TRIM(D25)) -> Tạp vụ | V25: =IF($A25="","",VALUE(MID($A25,7,4)&MID($A25,4,2)&MID($A25,1,2))) -> 18650815
A26: 15/08/1865 | B26: 5 | C26: E.POTTEAUX | D26: Tạp vụ | E26: NƠI CHUYỆN TẠI PHỦ BINH-LONG | F26: Săn bắt cọp tại phủ Bình-long; nạp cọp lãnh thưởng | G26: Tin – tường thuật sự kiện | I26: Tai nạn – thiên tai – sự cố | K26: săn bắt cọp; phủ Bình-long; nạp cọp lãnh thưởng; Thuận-kiều; Tổng Bà-điểm; Paulus Tôi | L26: Ngày mồng 1 tháng 6 Annam (26 Tây) phủ Bình-long bắt được một con cọp lớn khi đi săn, có các quan Pha-lang-sa ở Thuận-kiều, ông Tổng Bà-điểm và một ông Tổng khác cùng đi. Một ông Tổng trèo lên cây, nghe cọp gầm thì té xuống đất chết ngay; ông Tổng Bà-điểm bắn cọp, các quan bắn tiếp trúng tim, cọp ngã chết. Cọp được khiêng xuống Sài-gòn nạp cho quan Bố lãnh thưởng; trong tháng phủ Bình-long đã nạp 2 con cọp, lãnh được 60 quan. Ký: Paulus Tôi. | M26: Thuật vụ săn bắt cọp ở Bình-long (có người chết), nạp cọp lãnh thưởng → tin sự kiện; tai nạn–sự cố (thú dữ). | O26: PAULUS TOI, KẺ LÀM NHỰT TRÌNH TẠI NHÀ IN | P26: Paulus Tỏi | Q26: Tòa soạn / nhà in | R26: Potteaux | S26: =IFERROR(VALUE(RIGHT(TRIM(A26),4)),"") -> 1865 | T26: =IF(TRIM(D26)="Tập vụ","Tạp vụ",TRIM(D26)) -> Tạp vụ | V26: =IF($A26="","",VALUE(MID($A26,7,4)&MID($A26,4,2)&MID($A26,1,2))) -> 18650815
A27: 15/08/1865 | B27: 5 | C27: E.POTTEAUX | D27: Tạp vụ | E27: Không có | F27: Quan Hộ-đốc An-giang thăm Sài-gòn; bàn về tàu khói; tàu Mitraille đưa Đức Cha ra Bình-định | G27: Tin tổng hợp | I27: Đa chủ đề | K27: quan Hộ-đốc An-giang; thăm Sài-gòn; tàu khói; tàu Mitraille; Đức Cha ra Bình-định; nạo vét rạch | L27: Ngày 22 tháng 5 nhầm, quan Hộ-đốc An-giang xuống Sài-gòn thăm quan Nguyên-Soái, đem theo 10 chiếc ghe và thổ sản (dưa, chuối, gà, vịt); quan Nguyên-Soái tặng lại đồng hồ tốt và thổ sản Pha-lang-sa. Người đi coi tàu chiến, nhà thờ (nhà Phước) có tháp cao, lấy làm lạ trước sự đổi thay của xứ. Hai tàu khói đậu Sài-gòn rồi qua ngả Tàu; một chiếc kéo tam bằng khói chạy vào Chợ-lớn khiến dân hai bên sông hiếu kỳ; nhiều chủ ghe muốn gởi thơ mua tàu khói nhỏ để vận gạo thóc trong rạch và tính nạo vét rạch cho sâu. Một chiếc tàu Mitraille đưa Đức Cha ra địa hạt Bình-định. | M27: Thăm viếng + bàn tàu khói/nạo vét rạch, đa lĩnh vực → tin tổng hợp; nội dung Đa chủ đề. | O27: PAULUS CUA | P27: Paulus Của (Huỳnh Tịnh Của) | Q27: Tòa soạn | R27: Potteaux | S27: =IFERROR(VALUE(RIGHT(TRIM(A27),4)),"") -> 1865 | T27: =IF(TRIM(D27)="Tập vụ","Tạp vụ",TRIM(D27)) -> Tạp vụ | V27: =IF($A27="","",VALUE(MID($A27,7,4)&MID($A27,4,2)&MID($A27,1,2))) -> 18650815
A28: 15/08/1865 | B28: 5 | C28: E.POTTEAUX | D28: Tạp vụ | E28: Không có | F28: Bệnh dịch tại làng Phước-hải (Lưới-rê), Baria – quan Đốc-đồn cử thầy thuốc Pha-lang-sa chữa | G28: Tin – tường thuật sự kiện | I28: Y tế – sức khỏe | K28: bệnh dịch; làng Phước-hải (Lưới-rê); Baria; thầy thuốc Pha-lang-sa; quan Đốc-đồn; Paulus Của | L28: Đầu tháng này tại làng Phước-hải (tục danh Lưới-rê) có nhiều người mắc bệnh dịch chết; dịch khí hay trở lại vào tháng 5–6. Quan Đốc-đồn Baria hay tin liền cử một thầy thuốc Pha-lang-sa đi cứu; nhờ chữa hay, từ 10 tháng Juillet không còn ai chết vì bệnh ấy, người mắc bệnh cũng dần khỏi. Dân Phước-hải biết nghe lời thầy thuốc và mang ơn quan Đốc-đồn. Ký: Paulus Của. | M28: Dịch bệnh → cử thầy thuốc → chữa khỏi (một mạch sự việc) → tin sự kiện; y tế–sức khỏe. Cơ quan nhà nước xuất hiện không thành nội dung phụ. | O28: PAULUS CUA | P28: Paulus Của (Huỳnh Tịnh Của) | Q28: Tòa soạn | R28: Potteaux | S28: =IFERROR(VALUE(RIGHT(TRIM(A28),4)),"") -> 1865 | T28: =IF(TRIM(D28)="Tập vụ","Tạp vụ",TRIM(D28)) -> Tạp vụ | V28: =IF($A28="","",VALUE(MID($A28,7,4)&MID($A28,4,2)&MID($A28,1,2))) -> 18650815
A29: 15/08/1865 | B29: 5 | C29: E.POTTEAUX | D29: Tạp vụ | E29: Không có | F29: Quan Annam (Lang-trung) từ Kinh vào Sài-gòn lâm bệnh qua đời; lễ tang trọng thể | G29: Tin – tường thuật sự kiện | I29: Văn hóa – xã hội – phong tục – đời sống | K29: quan Annam Lang-trung; từ Kinh vào Sài-gòn; lâm bệnh qua đời; lễ tang trọng thể; quan Lại-bộ Thượng-thơ; Paulus Của | L29: Một ông quan Annam ngoài Kinh vào Sài-gòn thăm quan Nguyên-Soái và mua đồ cho Vua Annam; vừa tới nơi thì hai thầy trò phát bệnh nặng. Người thơ lại trở bệnh, chết rạng ngày mồng 4 tháng 6; các quan Pha-lang-sa ban tiền tuất và lo chôn cất. Ông quan Lang-trung bệnh ngày càng nặng, chạy đủ danh y không khỏi, tắt hơi ngày mồng 8. Quan Lại-bộ Thượng-thơ lo chôn cất trọng thể; ngày mồng 10 đưa đám rất long trọng, có cờ trống, võng lọng, 4 quan Pha-lang-sa và lính đi đưa. Ký: Paulus Của. | M29: Bài chủ yếu về lâm bệnh–qua đời–tang lễ → tin sự kiện; văn hóa–xã hội (tang lễ). Không xếp theo thân phận nhân vật nên bỏ nội dung phụ. | O29: PAULUS CUA | P29: Paulus Của (Huỳnh Tịnh Của) | Q29: Tòa soạn | R29: Potteaux | S29: =IFERROR(VALUE(RIGHT(TRIM(A29),4)),"") -> 1865 | T29: =IF(TRIM(D29)="Tập vụ","Tạp vụ",TRIM(D29)) -> Tạp vụ | V29: =IF($A29="","",VALUE(MID($A29,7,4)&MID($A29,4,2)&MID($A29,1,2))) -> 18650815
A30: 15/08/1865 | B30: 5 | C30: E.POTTEAUX | D30: Tạp vụ | E30: Không có | F30: Quan Cao-mên từ Xiêm (Ba-tem-lon) đến Sài-gòn thăm em Vua Cao-mên | G30: Tin – tường thuật sự kiện | I30: Ngoại giao – quan hệ đối ngoại | K30: quan Cao-mên; Xiêm (Ba-tem-lon); thăm em Vua Cao-mên; mua đồ; Seguin; ngoại giao | L30: Ngày 21 tháng 6 một ông quan lớn Cao-mên ở Xiêm, xứ Ba-tem-lon, đến Sài-gòn cùng 6 quan và mười tên dân để thăm em Vua Cao-mên và những người ở với em Vua. Mồng 8–9 em Vua đi các phố mua đồ gởi cho các vợ và trong cung các quan xứ Ba-tem-lon: 300 ve dầu thơm, 40 đôi giày, 40 nón, vải, áo quần Pha-lang-sa và rượu, tốn hơn 500 đồng bạc; giao thơ và đồ cho quan Pra-nai-túi mang về. Ký: Seguin, thông ngôn. | M30: Thuật quan Cao-mên từ Xiêm đến Sài-gòn thăm em Vua Cao-mên → tin sự kiện; ngoại giao–đối ngoại. | O30: PAULUS CUA | P30: Paulus Của (Huỳnh Tịnh Của) | Q30: Tòa soạn | R30: Potteaux | S30: =IFERROR(VALUE(RIGHT(TRIM(A30),4)),"") -> 1865 | T30: =IF(TRIM(D30)="Tập vụ","Tạp vụ",TRIM(D30)) -> Tạp vụ | V30: =IF($A30="","",VALUE(MID($A30,7,4)&MID($A30,4,2)&MID($A30,1,2))) -> 18650815
A31: 15/08/1865 | B31: 5 | C31: E.POTTEAUX | D31: Tạp vụ | E31: Không có | F31: Bắt huyện Đức ở Cần-giộc; quân giặc thâu thuế huyện Phước-lộc | G31: Tin – tường thuật sự kiện | I31: Pháp luật – tư pháp – an ninh | J31: Quân sự – chiến sự | K31: bắt huyện Đức; Cần-giộc; quân giặc thâu thuế; huyện Phước-lộc; Quản-đình | L31: Tại Cần-giộc bắt được huyện Đức, người của Quản-đình cử ra coi việc thuế trong huyện Phước-lộc để cấp cho quân giặc. Vì việc này, lương tiền huyện Phước-lộc hao kém, nhất là các làng ở xa quan bị quân giặc ẩn núp trong làng hiếp thâu, dân bị thiệt hại nhiều; nay bắt được huyện Đức thì dân mới được thảnh thơi. | M31: Thuật việc bắt huyện Đức (tay sai giặc thâu thuế) → tin sự kiện; an ninh, phụ quân sự. | O31: PAULUS CUA | P31: Paulus Của (Huỳnh Tịnh Của) | Q31: Tòa soạn | R31: Potteaux | S31: =IFERROR(VALUE(RIGHT(TRIM(A31),4)),"") -> 1865 | T31: =IF(TRIM(D31)="Tập vụ","Tạp vụ",TRIM(D31)) -> Tạp vụ | V31: =IF($A31="","",VALUE(MID($A31,7,4)&MID($A31,4,2)&MID($A31,1,2))) -> 18650815
A32: 15/08/1865 | B32: 5 | C32: E.POTTEAUX | D32: Tạp vụ | E32: Không có | F32: Mùa màng thất bát, nguy cơ đói kém; lời khuyên siêng năng làm ăn | G32: Tin – tường thuật sự kiện | H32: Nghị luận – bình luận – khuyến dụ – giáo huấn | I32: Nông nghiệp – sản xuất – nghề nghiệp | J32: Kinh tế – tài chính – thương mại | K32: mùa màng thất bát; nguy cơ đói kém; giá lúa lên; khuyên siêng năng; Tây-ninh đói; Paulus Của | L32: Tháng trước mưa khá, dân lo gieo mạ, nhưng sau gió nắng làm nhiều nơi ruộng khô héo, trâu mắc toi chết nhiều, e mất mùa và đói khát như năm trước; nghe phía Tây-ninh dân đói phải ăn hột trái cây. Giá lúa lên 3 quan 5 tiền đến 4 quan một gia (trước 1 quan). Báo khuyên dân siêng năng làm mướn (mỗi ngày được 1 quan), chăn nuôi, trồng trọt, buôn bán, đừng bỏ nghề nghiệp và đừng nghi nan sợ hãi thì khỏi đói. Ký: Paulus Của. | M32: Thuật mùa màng thất bát, giá lúa lên + khuyên siêng làm ăn → tin sự kiện, phụ khuyến dụ; nông nghiệp, phụ kinh tế. | O32: PAULUS CUA | P32: Paulus Của (Huỳnh Tịnh Của) | Q32: Tòa soạn | R32: Potteaux | S32: =IFERROR(VALUE(RIGHT(TRIM(A32),4)),"") -> 1865 | T32: =IF(TRIM(D32)="Tập vụ","Tạp vụ",TRIM(D32)) -> Tạp vụ | V32: =IF($A32="","",VALUE(MID($A32,7,4)&MID($A32,4,2)&MID($A32,1,2))) -> 18650815
A33: 15/08/1865 | B33: 5 | C33: E.POTTEAUX | D33: Tạp vụ | E33: Không có | F33: Bàn về bệnh ban cua lưỡi trắng và cách chữa | G33: Bài tri thức – khảo cứu – giải thích | I33: Y tế – sức khỏe | K33: bệnh ban cua lưỡi trắng; triệu chứng; cách chữa; trẻ con hay mắc; y học | L33: Bài bàn về bệnh "ban cua lưỡi trắng" thịnh hành trong năm, chết nhiều; mô tả triệu chứng nóng lạnh, nổi cữ dai dẳng, biến chứng thũng, kiết, hạ lợi; trẻ con hay mắc, khi nóng mê, chói đèn, tay chân co giật thì khó chữa. Khuyên coi bệnh sớm, dùng thuốc uống vài thang thì đỡ. | M33: Bài mô tả bệnh ban cua lưỡi trắng và cách chữa → bài tri thức–giải thích; y tế–sức khỏe. | R33: Potteaux | S33: =IFERROR(VALUE(RIGHT(TRIM(A33),4)),"") -> 1865 | T33: =IF(TRIM(D33)="Tập vụ","Tạp vụ",TRIM(D33)) -> Tạp vụ | V33: =IF($A33="","",VALUE(MID($A33,7,4)&MID($A33,4,2)&MID($A33,1,2))) -> 18650815
A34: 15/08/1865 | B34: 5 | C34: E.POTTEAUX | D34: Tạp vụ | E34: Không có | F34: Ghi chép về phong tục người Mọi (dân miền thượng) | G34: Bài tri thức – khảo cứu – giải thích | I34: Văn hóa – xã hội – phong tục – đời sống | K34: phong tục người Mọi; dân miền thượng; phạt vạ bằng trâu; chuỗi cườm; muối hiếm; Trương Vĩnh Ký | L34: Một người bà con ở trên miền Mọi lâu năm về kể phong tục: người Mọi còn mọi rợ, không vua chúa, ở theo khóm/sóc; có việc tranh chấp thì đem đến người Trưởng-thọ hòa phú xử, phạt vạ bằng trâu, bán làm nô cho nhau. Buôn bán, phạt vạ đều tính bằng trâu (một con ~5 quan); vàng bạc không chuộng, quý chuỗi cườm, thép sợi hơn tiền bạc; muối rất hiếm (một tô muối đổi 5–7 con trâu). Rượu ủ bằng lá với nếp, uống bằng ống tre; đất là của chung, ai muốn khai khẩn thì tùy ý. Ký: Pétrus Trương Vĩnh Ký. | M34: Bài khảo cứu phong tục người Mọi (Trương Vĩnh Ký) → bài tri thức–khảo cứu; văn hóa–xã hội–phong tục. | O34: PETRUS TRƯƠNG VĨNH KÝ | P34: Petrus Trương Vĩnh Ký | Q34: Tòa soạn | R34: Potteaux | S34: =IFERROR(VALUE(RIGHT(TRIM(A34),4)),"") -> 1865 | T34: =IF(TRIM(D34)="Tập vụ","Tạp vụ",TRIM(D34)) -> Tạp vụ | V34: =IF($A34="","",VALUE(MID($A34,7,4)&MID($A34,4,2)&MID($A34,1,2))) -> 18650815
A35: 15/08/1865 | B35: 5 | C35: E.POTTEAUX | D35: Tạp vụ | E35: CHUYỆN VỀ GHE MÍA CHÌM TẠI MIẾU CÔ-ĐÔ | F35: Vụ ghe mía chìm tại Miếu Cô-đô | G35: Tin – tường thuật sự kiện | I35: Tai nạn – thiên tai – sự cố | K35: chìm ghe mía; Miếu Cô-đô; người chồng mất tích; cẩn thận đi ghe; Paulus Tôi | L35: Ngày mồng 9 tháng 6, một ghe mía đi ngang Miếu Cô-đô (chỗ hay chìm ghe) thì bị sóng đánh úp. Người chồng chèo không nghe lời vợ khuyên đợi lặng gió; ghe lật, người chồng rớt xuống sông mất tích; vợ và con nhỏ bám lườn ghe, sau gió tấp ghe vào bờ, vợ nhảy lên bờ thoát, nhờ một ghe khác cho quá giang về Thủ. Báo nhắc nhở người đi ghe qua sông lớn phải cẩn thận, chờ lặng gió, đừng vội mà chết uổng. Ký: Paulus Tôi (thợ sắp chữ nhà in). | M35: Thuật vụ ghe mía chìm, chồng mất tích (kèm câu nhắc nhở) → tin sự kiện; tai nạn–sự cố. | O35: PAULUS TOI | P35: Paulus Tỏi | Q35: Tòa soạn / nhà in | R35: Potteaux | S35: =IFERROR(VALUE(RIGHT(TRIM(A35),4)),"") -> 1865 | T35: =IF(TRIM(D35)="Tập vụ","Tạp vụ",TRIM(D35)) -> Tạp vụ | V35: =IF($A35="","",VALUE(MID($A35,7,4)&MID($A35,4,2)&MID($A35,1,2))) -> 18650815
A36: 15/08/1865 | B36: 5 | C36: E.POTTEAUX | D36: Giá chợ | E36: CHỢ – Giá vật hàng | F36: Giá chợ: Gò-công | G36: Bảng giá – bảng kê – danh sách – thống kê | I36: Kinh tế – tài chính – thương mại | K36: giá chợ; Gò-công; trâu; gạo; đường muối | L36: Giá vật hàng tại chợ Gò-công: trâu 1 cặp 400 quan, gạo 1 tạ 12 quan, đường 1 tạ 75 quan, muối 1 tạ 1 quan 5. | M36: Bảng giá chợ Gò-công → bảng giá/thống kê; kinh tế–thương mại. | R36: Potteaux | S36: =IFERROR(VALUE(RIGHT(TRIM(A36),4)),"") -> 1865 | T36: =IF(TRIM(D36)="Tập vụ","Tạp vụ",TRIM(D36)) -> Giá chợ | V36: =IF($A36="","",VALUE(MID($A36,7,4)&MID($A36,4,2)&MID($A36,1,2))) -> 18650815
A37: 15/08/1865 | B37: 5 | C37: E.POTTEAUX | D37: Giá chợ | E37: CHỢ – Giá vật hàng | F37: Giá chợ: Baria | G37: Bảng giá – bảng kê – danh sách – thống kê | I37: Kinh tế – tài chính – thương mại | K37: giá chợ; Baria; gạo; muối; trâu | L37: Giá vật hàng tại chợ Baria: gạo 1 tạ 12 quan 2 tiền, muối 100 gia bán đến 30 quan, trâu 1 cặp 220–250 quan. | M37: Bảng giá chợ Baria → bảng giá/thống kê; kinh tế–thương mại. | R37: Potteaux | S37: =IFERROR(VALUE(RIGHT(TRIM(A37),4)),"") -> 1865 | T37: =IF(TRIM(D37)="Tập vụ","Tạp vụ",TRIM(D37)) -> Giá chợ | V37: =IF($A37="","",VALUE(MID($A37,7,4)&MID($A37,4,2)&MID($A37,1,2))) -> 18650815
A38: 15/08/1865 | B38: 5 | C38: E.POTTEAUX | D38: Giá chợ | E38: CHỢ – Giá vật hàng | F38: Giá chợ: Long-thạnh | G38: Bảng giá – bảng kê – danh sách – thống kê | I38: Kinh tế – tài chính – thương mại | K38: giá chợ; Long-thạnh; gạo lúa; trâu; giá cả | L38: Giá vật hàng tại chợ Long-thạnh: gạo 1 tạ 12 quan 2 tiền, lúa 1 tạ 9 quan, trâu 1 con 140–180 quan. | M38: Bảng giá chợ Long-thạnh → bảng giá/thống kê; kinh tế–thương mại. | R38: Potteaux | S38: =IFERROR(VALUE(RIGHT(TRIM(A38),4)),"") -> 1865 | T38: =IF(TRIM(D38)="Tập vụ","Tạp vụ",TRIM(D38)) -> Giá chợ | V38: =IF($A38="","",VALUE(MID($A38,7,4)&MID($A38,4,2)&MID($A38,1,2))) -> 18650815
A39: 15/08/1865 | B39: 5 | C39: E.POTTEAUX | D39: Giá chợ | E39: CHỢ – Giá vật hàng | F39: Giá chợ: Cần-giộc | G39: Bảng giá – bảng kê – danh sách – thống kê | I39: Kinh tế – tài chính – thương mại | K39: giá chợ; Cần-giộc; gạo lúa; trâu; đường trắng | L39: Giá vật hàng tại chợ Cần-giộc: gạo 1 vuông 6 quan 2 tiền, lúa 1 vuông 5 quan 1 tiền, trâu 1 cặp 640 quan, đường trắng 1 cân 8 tiền. | M39: Bảng giá chợ Cần-giộc → bảng giá/thống kê; kinh tế–thương mại. | R39: Potteaux | S39: =IFERROR(VALUE(RIGHT(TRIM(A39),4)),"") -> 1865 | T39: =IF(TRIM(D39)="Tập vụ","Tạp vụ",TRIM(D39)) -> Giá chợ | V39: =IF($A39="","",VALUE(MID($A39,7,4)&MID($A39,4,2)&MID($A39,1,2))) -> 18650815
A40: 15/10/1865 | B40: 6 | C40: E.POTTEAUX | D40: Công vụ | E40: Không có | F40: Thưởng người chống cướp; bổ nhiệm tri huyện Tân-ninh; yết thị giá mua vật hàng nộp nhà nước năm 1866 | G40: Tin tổng hợp | I40: Đa chủ đề | K40: thưởng chống cướp; Phong-triều; tri huyện Tân-ninh; Ngô-thế-tê; yết thị mua vật hàng 1866; tiền thế chứng | L40: Quan Nguyên-Soái nghị thưởng một người Annam là Phong-triều một đồng hồ vì lúc ăn cướp đánh làng Vinh-quới đã cầm dòng đánh lui chúng. Chuẩn cho Ngô-thế-tê quyền nhiếp huyện Tân-ninh (thăng tri huyện), coi việc từ ngày 24 tháng 6. Có yết thị: bữa mồng 9 tháng 9 giờ thứ 7 ban mai tại tòa quan Hộ-bộ Sài-gòn sẽ giáo giá cho người lãnh mua các vật hàng nộp nhà nước năm 1866 (phải nạp tiền thế chứng, làm tờ niêm phong); cùng ngày cũng giáo giá mua da, sừng, đầu, ruột đồ làm thịt bò trâu. Mức thế chứng: bò 3.000 quan; cà-phê 2.000; đường 2.000; trà-tàu 500; muối 200. | M40: Thưởng + bổ nhiệm + yết thị đấu thầu, đa lĩnh vực → tin tổng hợp; | R40: Potteaux | S40: =IFERROR(VALUE(RIGHT(TRIM(A40),4)),"") -> 1865 | T40: =IF(TRIM(D40)="Tập vụ","Tạp vụ",TRIM(D40)) -> Công vụ | V40: =IF($A40="","",VALUE(MID($A40,7,4)&MID($A40,4,2)&MID($A40,1,2))) -> 18651015
A41: 15/10/1865 | B41: 6 | C41: E.POTTEAUX | D41: Tạp vụ | E41: Không có | F41: Xử ba người Pha-lang-sa cướp của tại làng Mỹ-an-đông (Mỹ-tho) | G41: Tin – tường thuật sự kiện | I41: Pháp luật – tư pháp – an ninh | K41: xử ba người Pha-lang-sa; cướp của; làng Mỹ-an-đông; Mỹ-tho; tòa án Sài-gòn; khổ sai | L41: Ngày 30 tháng 5 nhuận, tòa án Sài-gòn xử ba người Pha-lang-sa (2 dân buôn, 1 lính) đã hiệp nhau vào làng Mỹ-an-đông (Mỹ-tho) mồng 2 tháng 5, có súng, đánh người lấy của nhiều lần. Quan tỉnh bắt, giao tòa án xử theo luật: người thứ nhứt (trộm cướp 4 lần) khổ sai 5 năm; người thứ hai (3 lần) tù 15 năm; người lính (2 lần) giam 3 năm. Báo nhấn mạnh: bất luận người nước nào, hễ phạm phép và phá dân thì quan tòa chiếu luật trị, chẳng dung. | M41: Thuật phiên tòa xử 3 người Pha-lang-sa cướp của (án khổ sai/tù) → tin sự kiện; pháp luật–tư pháp–an ninh. | R41: Potteaux | S41: =IFERROR(VALUE(RIGHT(TRIM(A41),4)),"") -> 1865 | T41: =IF(TRIM(D41)="Tập vụ","Tạp vụ",TRIM(D41)) -> Tạp vụ | V41: =IF($A41="","",VALUE(MID($A41,7,4)&MID($A41,4,2)&MID($A41,1,2))) -> 18651015
A42: 15/10/1865 | B42: 6 | C42: E.POTTEAUX | D42: Tạp vụ | E42: TẠI XỨ GÒ-CÔNG | F42: Dân làng đánh giết tên đội Nhiên (đội ngụy) nhũng nhiễu | G42: Tin – tường thuật sự kiện | I42: Pháp luật – tư pháp – an ninh | K42: xứ Gò-công; đội Nhiên (đội ngụy); nhũng nhiễu; dân làng đánh giết; tầm vông; tự vệ | L42: Tại Gò-công, tên đội Nhiên (đội ngụy) nhiều lần cưỡng quyên tiền, quyên gạo; lần này vác gươm xông vào làng cướp phá; dân làng phẫn nộ, cầm tre tầm vông xúm lại đánh và giết được hắn. Báo nhận xét: sau ba năm bị quân giặc quấy phá cực khổ, nay dân đã mạnh mẽ tự giữ gìn, không còn sợ hãi hay phải quyên tiền nuôi giặc như trước. | M42: Thuật dân làng Gò-công đánh giết đội ngụy Nhiên nhũng nhiễu → tin sự kiện; pháp luật–an ninh (dân tự vệ). | O42: PAULUS CUA | P42: Paulus Của (Huỳnh Tịnh Của) | Q42: Tòa soạn | R42: Potteaux | S42: =IFERROR(VALUE(RIGHT(TRIM(A42),4)),"") -> 1865 | T42: =IF(TRIM(D42)="Tập vụ","Tạp vụ",TRIM(D42)) -> Tạp vụ | V42: =IF($A42="","",VALUE(MID($A42,7,4)&MID($A42,4,2)&MID($A42,1,2))) -> 18651015
A43: 15/10/1865 | B43: 6 | C43: E.POTTEAUX | D43: Tạp vụ | E43: Không có | F43: Quan Tham-biện Cần-giộc lập mưu bắt cướp vùng Ngã Bảy – Đồng-tranh | G43: Tin – tường thuật sự kiện | I43: Pháp luật – tư pháp – an ninh | K43: Tham-biện Cần-giộc; mưu bắt cướp; Ngã Bảy – Đồng-tranh; ghe giả dạng; hạ ghe cướp | L43: Vùng Ngã Bảy, Đồng-tranh có nhiều ăn cướp chận đoạt ghe buôn. Quan Tham-biện Cần-giộc cho một chiếc ghe cụ lị (do quan hai chỉ huy) giả dạng ghe buôn, lính nằm sát trong lòng vét, ít người Annam chèo, đi qua các chỗ nghi có cướp. Hai chiếc ghe cướp tưởng ghe buôn, xáp lại gần thì lính xông ra; hạ cả 2 ghe cướp (10 đứa): bắn chết 5, bắt sống 3, 2 đứa nhảy sông chưa rõ sống chết. Báo nêu phép quan gặp cướp thì giết ngay, để dân thương hồ được bình yên. | M43: Thuật quan Tham-biện Cần-giộc lập mưu hạ 2 ghe cướp → tin sự kiện; pháp luật–an ninh. | R43: Potteaux | S43: =IFERROR(VALUE(RIGHT(TRIM(A43),4)),"") -> 1865 | T43: =IF(TRIM(D43)="Tập vụ","Tạp vụ",TRIM(D43)) -> Tạp vụ | V43: =IF($A43="","",VALUE(MID($A43,7,4)&MID($A43,4,2)&MID($A43,1,2))) -> 18651015
A44: 15/10/1865 | B44: 6 | C44: E.POTTEAUX | D44: Tạp vụ | E44: Không có | F44: Đức Cha đi Cao-mên; bắt tên ngụy Quản-Mai; tin mất mùa Nhựt-bổn và lụt bên Tàu | G44: Tin tổng hợp | I44: Đa chủ đề | K44: Đức Cha đi Cao-mên; bắt ngụy Quản-Mai; Chợ-quán; mất mùa Nhựt-bổn; lụt bên Tàu; Paulus Của | L44: Ngày 11 tháng 7 Đức Cha địa phận ngồi tàu thiếc đi thăm địa phận Cao-mên; trước khi đi, người vào Chợ-quán làm phép nhà thờ, nhà thương, có quan Nguyên-Soái đến xem. Tháng trước tại địa phận Chợ-lớn bắt được một tên ngụy có danh là Quản-Mai (tài trí, có ít lính Ma-ní theo, hiệp ở phía Vàm-cỏ); bắt được thì dân được bình an. Nhựt-trình bên Thượng-hải cho hay Nhựt-bổn năm nay mất mùa, e đói; bên Tàu mưa lụt hư hại cây trái, e gạo sẽ lên giá. Ký: Paulus Của. | M44: Đức Cha đi Cao-mên + bắt ngụy Quản-Mai + mất mùa Nhựt-bổn/lụt bên Tàu → tin tổng hợp; Đa chủ đề. | R44: Potteaux | S44: =IFERROR(VALUE(RIGHT(TRIM(A44),4)),"") -> 1865 | T44: =IF(TRIM(D44)="Tập vụ","Tạp vụ",TRIM(D44)) -> Tạp vụ | V44: =IF($A44="","",VALUE(MID($A44,7,4)&MID($A44,4,2)&MID($A44,1,2))) -> 18651015
A45: 15/10/1865 | B45: 6 | C45: E.POTTEAUX | D45: Tạp vụ | E45: Không có | F45: Người Pha-lang-sa qua Đồng-nai gặp ghe cướp thoát nạn | G45: Tin – tường thuật sự kiện | I45: Pháp luật – tư pháp – an ninh | K45: người Pha-lang-sa; Đồng-nai; gặp ghe cướp; thoát nạn; Chà-và; Paulus Của | L45: Một người Pha-lang-sa qua giang Đồng-nai cùng một tên Chà-và thì phát bệnh nóng rét, nằm mê trong ghe trâu về Sài-gòn. Dọc sông gặp hai ghe ăn cướp níu bánh lái toan nhảy qua; tên Chà-và chết điếng, người chèo hoảng sợ. Người Pha-lang-sa tỉnh dậy, giơ tay chỉ và hô lớn ("bắp về"); bọn cướp nghe tiếng lớn tưởng có phòng bị nên xổ ghe chèo chạy mất. Ký: Paulus Của. | M45: Thuật người Pha-lang-sa gặp ghe cướp trên Đồng-nai rồi thoát → tin sự kiện; pháp luật–an ninh. | O45: PAULUS CUA | P45: Paulus Của (Huỳnh Tịnh Của) | Q45: Tòa soạn | R45: Potteaux | S45: =IFERROR(VALUE(RIGHT(TRIM(A45),4)),"") -> 1865 | T45: =IF(TRIM(D45)="Tập vụ","Tạp vụ",TRIM(D45)) -> Tạp vụ | V45: =IF($A45="","",VALUE(MID($A45,7,4)&MID($A45,4,2)&MID($A45,1,2))) -> 18651015
A46: 15/10/1865 | B46: 6 | C46: E.POTTEAUX | D46: Tạp vụ | E46: Không có | F46: Xá tù nhân lễ bổn mạng Hoàng-đế; ban bằng cấp thật thọ cho cai tổng; sang năm mở hội thi nghề nghiệp | G46: Tin tổng hợp | I46: Đa chủ đề | K46: xá tù lễ bổn mạng; bằng cấp thật thọ cai tổng; hội thi nghề nghiệp; đua ngựa Annam; khuyến nông; nguyệt bổng 15 quan | L46: Nhân lễ bổn mạng Hoàng-đế Pha-lang-sa có xá tù tại Sài-gòn, Biên-hòa, Mỹ-tho, Cần-nôn và nhiều nơi, tha nhiều tù nhân về. Quan Nguyên-Soái ban bằng cấp "thật thọ" cho các cai tổng làm việc trên ba năm, đắc lực, không tư tình, cho ăn nguyệt bổng 15 quan/tháng (theo lệ cựu triều). Qua Tết sang năm sẽ cho thi các nghề nghiệp (làm ruộng, làm đất, nuôi bò trâu heo ngựa…) và đua ngựa Annam, nhằm khuyến khích và dạy dân cải tiến canh nông, chăn nuôi; nêu gương nuôi ngựa, nuôi heo khéo bên Pha-lang-sa. | M46: Xá tù + ban bằng cấp cai tổng + kế hoạch hội thi nghề nghiệp → tin tổng hợp; Đa chủ đề. | R46: Potteaux | S46: =IFERROR(VALUE(RIGHT(TRIM(A46),4)),"") -> 1865 | T46: =IF(TRIM(D46)="Tập vụ","Tạp vụ",TRIM(D46)) -> Tạp vụ | V46: =IF($A46="","",VALUE(MID($A46,7,4)&MID($A46,4,2)&MID($A46,1,2))) -> 18651015
A47: 15/10/1865 | B47: 6 | C47: E.POTTEAUX | D47: Tạp vụ | E47: Không có | F47: Bắt tên ngụy Quản-Mai; chính sách đày tù qua Đại-hải cải tạo | G47: Tin – tường thuật sự kiện | H47: Nghị luận – bình luận – khuyến dụ – giáo huấn | I47: Pháp luật – tư pháp – an ninh | K47: bắt ngụy Quản-Mai; đày tù Đại-hải; cải tạo; dạy trồng mía làm đường; Tân-long | L47: Quản-Mai — tay làm ngụy có danh, phá phách dân lâu nay — bị bắt tại hạt Tân-long, giải về Sài-gòn rồi đày qua Đại-hải một lượt với 10 tên phạm khác. Ở Đại-hải, tù được nuôi dưỡng tử tế, dạy trồng mía, làm đường và các nghề Pha-lang-sa; sau một thời gian sẽ thành người tốt và được cho về xứ, biết thêm tiếng Pha-lang-sa. Trong nhóm đi đày có người tốt được quan Nguyên-Soái làm ơn; có người làm mướn được một hai đồng bạc để dành gởi về cho cha mẹ nghèo, cho thấy người Annam cũng có lòng tốt đáng khen. | M47: Bắt ngụy Quản-Mai + đày Đại-hải cải tạo, kèm bình về lòng tốt người Annam → tin sự kiện, phụ nghị luận; pháp luật–an ninh. | R47: Potteaux | S47: =IFERROR(VALUE(RIGHT(TRIM(A47),4)),"") -> 1865 | T47: =IF(TRIM(D47)="Tập vụ","Tạp vụ",TRIM(D47)) -> Tạp vụ | V47: =IF($A47="","",VALUE(MID($A47,7,4)&MID($A47,4,2)&MID($A47,1,2))) -> 18651015
A48: 15/10/1865 | B48: 6 | C48: E.POTTEAUX | D48: Tạp vụ | E48: Không có | F48: Danh sách các cai tổng được ban bằng cấp thật thọ | G48: Bảng giá – bảng kê – danh sách – thống kê | I48: Chính trị – hành chính | K48: danh sách cai tổng; bằng cấp thật thọ; Phước-lộc; Tân-long; Tân-hòa; Định-tường | L48: Báo đăng danh sách các cai tổng được ban bằng cấp "thật thọ" theo huyện/tổng: Lê-văn-Đỏ (Phước-lộc, Phước-điền-thượng), Nguyễn-văn-Nhâm (Phước-điền-trung), Trương-ngọc-Chân (Phước-điền-hạ), Đỗ-quang-Phước (Tân-long, Long-hưng-thượng), Lê-văn-Đức (Long-hưng-hạ), Nguyễn-văn-Bên (Cửu-an, An-minh-hạ), Phan-chánh-Tâm (Tân-thành, Thành-lợi-hạ), Nguyễn-văn-Danh (Thành-mục-thượng), Trần-văn-Nhiên (Phước-chánh, Chánh-mỹ-hạ), Nguyễn-ngọc-Thới (Chánh-mỹ-thượng), Nguyễn-văn-Hạp (Phước-vĩnh-trung), Lê-văn-Đồng (Tân-hòa, Hòa-lạc-hạ), Dương-văn-Trinh (Hòa-lạc-thượng), Lê-văn-Thiên (Hòa-đồng-hạ), Nguyễn-văn-Thành (Kiến-hưng, Hưng-nhơn), Trần-văn-Nam (Thuận-trị), Bình-sơn-Thọ (Bình-dương, Bình-trị-thượng), Nguyễn-quang-Hóa (Bình-long, Long-tuy-thượng). | M48: Đăng danh sách các cai tổng được ban bằng cấp thật thọ → bảng kê/danh sách; nội dung hành chính (nhân sự). | R48: Potteaux | S48: =IFERROR(VALUE(RIGHT(TRIM(A48),4)),"") -> 1865 | T48: =IF(TRIM(D48)="Tập vụ","Tạp vụ",TRIM(D48)) -> Tạp vụ | V48: =IF($A48="","",VALUE(MID($A48,7,4)&MID($A48,4,2)&MID($A48,1,2))) -> 18651015
A49: 15/10/1865 | B49: 6 | C49: E.POTTEAUX | D49: Tạp vụ | E49: Không có | F49: Nhân sự Tham-biện: tàu l'Orne về Tây; xã Ngoan nộp cọp nuôi | G49: Tin tổng hợp | I49: Đa chủ đề | K49: nhân sự Tham-biện; tàu l'Orne về Tây; Ponchara; xã Ngoan nộp cọp; quân Số ra thú; Baria | L49: Bữa tàu l'Orne về Tây có quan Tham-biện Baria tên Ponchara đi theo; người được thế bằng quan Tham-biện coi ruộng muối (trước làm ông Bộ tại Biên-hòa và Tham-biện Vĩnh-long). Quan Số ra thú cùng quan Tham-biện Gò-công cũng đã được phép về an nghiệp. Tên xã Ngoan (làng Tân-thiệt) làm việc cho Pha-lang-sa mà còn ngầm giúp giặc, đã nạp cho quân Số một cặp cọp nuôi dạn; khi quân Số ra đầu thì dâng cọp cho quan Nguyên-Soái; nay nhà nước xét tội xã Ngoan. | M49: Nhân sự Tham-biện + tàu l'Orne về Tây + xã Ngoan nộp cọp/xét tội → tin tổng hợp; Đa chủ đề. | O49: phù- ka | P49: Phù Ca / Phụng | Q49: Cá nhân ký tên | R49: Potteaux | S49: =IFERROR(VALUE(RIGHT(TRIM(A49),4)),"") -> 1865 | T49: =IF(TRIM(D49)="Tập vụ","Tạp vụ",TRIM(D49)) -> Tạp vụ | V49: =IF($A49="","",VALUE(MID($A49,7,4)&MID($A49,4,2)&MID($A49,1,2))) -> 18651015
A50: 15/10/1865 | B50: 6 | C50: E.POTTEAUX | D50: Tạp vụ | E50: Không có | F50: Nghị luận: các nước đến Annam – lợi hại của người Pha-lang-sa so với người Ngô (nha phiến, cờ bạc) | G50: Nghị luận – bình luận – khuyến dụ – giáo huấn | I50: Văn hóa – xã hội – phong tục – đời sống | J50: Chính trị – hành chính | K50: nghị luận lợi hại; người Pha-lang-sa và người Ngô; nha phiến; cờ bạc; xổ đề; Gia-định buôn bán | L50: Bài nghị luận dài (nhân buổi thái bình) so sánh việc các nước đến Annam làm lợi hay hại cho người Annam, để in vào nhựt trình dạy trẻ. Lập luận: từ khi Pha-lang-sa đến cai trị ba tỉnh, đem bạc tiền, khí cụ, nghề nghiệp khôn khéo làm lợi cho dân; còn người Ngô (Đại-thanh) tuy buôn bán lớn nhưng đem đến nhiều điều hại: nha phiến (hút tốn của, hại người, sinh nghiện) và các lối cờ bạc (đánh me, kim tắc, bài phụng, tứ sắc, cổ nhơn, xổ đề…). Bài kể trường hợp một người tên Tới ở làng Bình-lý-đồng (Thủ-dầu-một) mê xổ đề đến điên loạn, toan giết con. Bài phê phán người Ngô lợi dụng tính người Annam ưa thay đổi kiểu cách để bán hàng lấy hết tiền bạc, và nêu Gia-định nhờ chính sách rộng rãi buôn bán mà sang trọng hơn các nơi. | M50: Bài nghị luận so sánh lợi hại của Pha-lang-sa và người Ngô (nha phiến, cờ bạc) → nghị luận; tệ nạn xã hội (VH–XH), phụ cai trị. | O50: phù- ka | P50: Phù Ca / Phụng | Q50: Cá nhân ký tên | R50: Potteaux | S50: =IFERROR(VALUE(RIGHT(TRIM(A50),4)),"") -> 1865 | T50: =IF(TRIM(D50)="Tập vụ","Tạp vụ",TRIM(D50)) -> Tạp vụ | V50: =IF($A50="","",VALUE(MID($A50,7,4)&MID($A50,4,2)&MID($A50,1,2))) -> 18651015
A51: 15/10/1865 | B51: 6 | C51: E.POTTEAUX | D51: Tạp vụ | E51: Không có | F51: Chuyện quân Số ra thú – kẻ cầm đầu ăn cướp quy thuận tân triều | G51: Tin – tường thuật sự kiện | H51: Nghị luận – bình luận – khuyến dụ – giáo huấn | I51: Pháp luật – tư pháp – an ninh | K51: quân Số ra thú; cầm đầu ăn cướp; quy thuận tân triều; Quản-định; Thiên-hộ-Dương; Ngô-thế-tê; Paulus Của | L51: Bài kể về quân Số — kẻ có danh, cầm đầu quân hoang ăn cướp qua hai triều — nay ra đầu thú chịu tội, quy thuận tân triều. Người này quê làng Phước-khánh (huyện Phước-lộc), từng làm xã trưởng rồi bỏ đi ăn cướp, đi lính 10 năm về lại theo nghề cũ; oai danh khiến các phường ghe buôn khiếp sợ. Thời Quản-định chiếm Gò-công thì ra đầu Quản-định (lấy tiếng ứng nghĩa nhưng cốt ăn cướp); sau theo Thiên-hộ-Dương một thời gian rồi bỏ về nghề cũ. Nay ra thú, quan Pha-lang-sa cho về làm ăn lương thiện, không bắt tội. Báo bình: nhờ vậy các quân khác sẽ lục tục ra đầu, lấy gương Ngô-thế-tê (trước làm lãnh ngụy, ra thú được cho làm ký lục rồi lên tri huyện Tân-ninh); khuyên quân ngụy nên hồi đầu, chớ tiếp tục phá dân kẻo bị chết treo. Ký: Paulus Của. | M51: Kể quân Số cầm đầu ăn cướp ra thú + khuyên quân ngụy hồi đầu → tin sự kiện, phụ nghị luận; pháp luật–an ninh. | O51: Pau lus cua | P51: Paulus Của (Huỳnh Tịnh Của) | Q51: Tòa soạn | R51: Potteaux | S51: =IFERROR(VALUE(RIGHT(TRIM(A51),4)),"") -> 1865 | T51: =IF(TRIM(D51)="Tập vụ","Tạp vụ",TRIM(D51)) -> Tạp vụ | V51: =IF($A51="","",VALUE(MID($A51,7,4)&MID($A51,4,2)&MID($A51,1,2))) -> 18651015
A52: 15/10/1865 | B52: 6 | C52: E.POTTEAUX | D52: Tạp vụ | E52: Không có | F52: Bắt cọp lạc vào tổng Bình-trị-thượng (làng Hạnh-thông-xã) | G52: Tin – tường thuật sự kiện | I52: Tai nạn – thiên tai – sự cố | K52: bắt cọp; tổng Bình-trị-thượng; làng Hạnh-thông-xã; Tổng Thọ; lột da nộp nhà nước; Paulus Lương | L52: Ngày 20 tháng 7 Annam một con cọp chạy lạc vào tổng Bình-trị-thượng, trốn trong hàng tre nhà ông Tổng Thọ. Sáng ra người ở đốn tre bị cọp nhảy ra gầm, hoảng té xỉu; dân la làng, quan An và quan Bố đem súng tới, có người đem khiêng (mộc) vây. Cọp chạy sang làng Hạnh-thông-xã, vào nhà bà góa (bà Cai-huyện), rúc chuồng heo bắt một con heo. Các quan và lính Bình-long trèo lên nóc nhà bắn xuống bốn năm phát, cọp ngã chết. Cọp giao quan phủ Bình-long lột da nộp nhà nước; quan Bố thưởng bà góa 30 quan sửa nhà và thưởng lính, dân Bình-long 30 quan. Ký: Paulus Lương, thông ngôn. | M52: Thuật vụ bắt cọp lạc vào tổng Bình-trị-thượng → tin sự kiện; tai nạn–sự cố (thú dữ). | O52: PAULUS LUONG, THÔNG NGÔN | P52: Paulus Lương | Q52: Thông ngôn | R52: Potteaux | S52: =IFERROR(VALUE(RIGHT(TRIM(A52),4)),"") -> 1865 | T52: =IF(TRIM(D52)="Tập vụ","Tạp vụ",TRIM(D52)) -> Tạp vụ | V52: =IF($A52="","",VALUE(MID($A52,7,4)&MID($A52,4,2)&MID($A52,1,2))) -> 18651015
A53: 15/10/1865 | B53: 6 | C53: E.POTTEAUX | D53: Tạp vụ | E53: Không có | F53: Tin nước Xiêm: tha thuế tàu chở lúa vào Vọng-các; tình hình lúa gạo | G53: Tin – tường thuật sự kiện | I53: Kinh tế – tài chính – thương mại | K53: nước Xiêm; tha thuế tàu chở lúa; Vọng-các (Bang-kok); cơ hạn; giá lúa gạo | L53: Quan Lại-bộ Thượng-thơ báo tin: nước Xiêm nay tha thuế (theo lệ nhất bách thủ nhất) cho các tàu chở lúa thóc vào thành kinh Bang-kok (Vọng-các); hàng nội quốc đem ra ngoài thì vẫn theo thuế cựu; trước có cấm chở lúa thóc ra bán, nay cho tự do. Mùa năm nay trong Xiêm lo cơ hạn, lúa gạo có thể biến động giá. | M53: Tin nước Xiêm tha thuế tàu chở lúa vào Vọng-các, tình hình lúa gạo → tin sự kiện; kinh tế–thương mại. | R53: Potteaux | S53: =IFERROR(VALUE(RIGHT(TRIM(A53),4)),"") -> 1865 | T53: =IF(TRIM(D53)="Tập vụ","Tạp vụ",TRIM(D53)) -> Tạp vụ | V53: =IF($A53="","",VALUE(MID($A53,7,4)&MID($A53,4,2)&MID($A53,1,2))) -> 18651015
A54: 15/10/1865 | B54: 6 | C54: E.POTTEAUX | D54: Tạp vụ | E54: Không có | F54: Tàu Mitraille rước lãnh sự Aubaret; tàu l'Orne chở lính về Pha-lang-sa | G54: Tin – tường thuật sự kiện | I54: Ngoại giao – quan hệ đối ngoại | J54: Giao thông – tàu thuyền – liên lạc | K54: tàu Mitraille; lãnh sự Aubaret; Bang-kok; tàu l'Orne; chở lính về Pha-lang-sa | L54: Ngày 20 Août tàu Mitraille chạy vào Bang-kok rước quan Aubaret (làm lãnh sự tại đó), trở về Sài-gòn ngày 10 Septembre; ngày 12 tháng ấy quan lãnh sự xuống tàu l'Orne về nước Pha-lang-sa. Tàu l'Orne chở lính bộ và lính thủy, có chở quân bịnh và lính mãn hạn. | M54: Tàu Mitraille rước lãnh sự Aubaret + tàu l'Orne chở lính về Pháp → tin sự kiện; ngoại giao, phụ giao thông–tàu thuyền. | R54: Potteaux | S54: =IFERROR(VALUE(RIGHT(TRIM(A54),4)),"") -> 1865 | T54: =IF(TRIM(D54)="Tập vụ","Tạp vụ",TRIM(D54)) -> Tạp vụ | V54: =IF($A54="","",VALUE(MID($A54,7,4)&MID($A54,4,2)&MID($A54,1,2))) -> 18651015
A55: 15/10/1865 | B55: 6 | C55: E.POTTEAUX | D55: Tạp vụ | E55: Không có | F55: Giá chợ: Cần-giộc | G55: Bảng giá – bảng kê – danh sách – thống kê | I55: Kinh tế – tài chính – thương mại | K55: giá chợ; Cần-giộc; trâu; gạo lúa; đường | L55: Giá vật hàng tại chợ Cần-giộc: trâu 1 cặp 260 quan, gạo 1 vuông 6 quan 2 tiền, đường 1 cân 1 quan 4 tiền, lúa 1 vuông 3 quan 4 tiền. | M55: Bảng giá chợ/hàng hóa (mặt hàng + giá) → chuẩn hóa nhãn hình thức; nội dung kinh tế–thương mại. | R55: Potteaux | S55: =IFERROR(VALUE(RIGHT(TRIM(A55),4)),"") -> 1865 | T55: =IF(TRIM(D55)="Tập vụ","Tạp vụ",TRIM(D55)) -> Tạp vụ | V55: =IF($A55="","",VALUE(MID($A55,7,4)&MID($A55,4,2)&MID($A55,1,2))) -> 18651015
A56: 15/10/1865 | B56: 6 | C56: E.POTTEAUX | D56: Tạp vụ | E56: Không có | F56: Giá chợ: Baria | G56: Bảng giá – bảng kê – danh sách – thống kê | I56: Kinh tế – tài chính – thương mại | K56: giá chợ; Baria; gạo; muối; trâu | L56: Giá vật hàng tại chợ Baria: gạo 1 tạ 27 quan, muối 100 gia 11–12 quan, trâu 1 cặp 220–250 quan. | M56: Bảng giá chợ/hàng hóa (mặt hàng + giá) → chuẩn hóa nhãn hình thức; nội dung kinh tế–thương mại. | R56: Potteaux | S56: =IFERROR(VALUE(RIGHT(TRIM(A56),4)),"") -> 1865 | T56: =IF(TRIM(D56)="Tập vụ","Tạp vụ",TRIM(D56)) -> Tạp vụ | V56: =IF($A56="","",VALUE(MID($A56,7,4)&MID($A56,4,2)&MID($A56,1,2))) -> 18651015
A57: 15/10/1865 | B57: 6 | C57: E.POTTEAUX | D57: Tạp vụ | E57: Không có | F57: Giá chợ: Thủ-dầu-một | G57: Bảng giá – bảng kê – danh sách – thống kê | I57: Kinh tế – tài chính – thương mại | K57: giá chợ; Thủ-dầu-một; gạo lúa; trâu bò; muối | L57: Giá vật hàng tại chợ Thủ-dầu-một: gạo 1 tạ 10 quan, lúa 1 tạ 5 quan, trâu 1 con 100–120 quan, muối 1 tạ 8 tiền, bò 1 con 35–40 quan. | M57: Bảng giá chợ/hàng hóa (mặt hàng + giá) → chuẩn hóa nhãn hình thức; nội dung kinh tế–thương mại. | R57: Potteaux | S57: =IFERROR(VALUE(RIGHT(TRIM(A57),4)),"") -> 1865 | T57: =IF(TRIM(D57)="Tập vụ","Tạp vụ",TRIM(D57)) -> Tạp vụ | V57: =IF($A57="","",VALUE(MID($A57,7,4)&MID($A57,4,2)&MID($A57,1,2))) -> 18651015
A58: 15/10/1865 | B58: 6 | C58: E.POTTEAUX | D58: Tạp vụ | E58: Không có | F58: Giá chợ: Sài-gòn | G58: Bảng giá – bảng kê – danh sách – thống kê | I58: Kinh tế – tài chính – thương mại | K58: giá chợ; Sài-gòn; gạo; lúa; giá cả | L58: Giá vật hàng tại chợ Sài-gòn: gạo 1 vuông 8 quan, lúa 1 vuông 4 quan. | M58: Bảng giá chợ/hàng hóa (mặt hàng + giá) → chuẩn hóa nhãn hình thức; nội dung kinh tế–thương mại. | R58: Potteaux | S58: =IFERROR(VALUE(RIGHT(TRIM(A58),4)),"") -> 1865 | T58: =IF(TRIM(D58)="Tập vụ","Tạp vụ",TRIM(D58)) -> Tạp vụ | V58: =IF($A58="","",VALUE(MID($A58,7,4)&MID($A58,4,2)&MID($A58,1,2))) -> 18651015
A59: 15/01/1866 | B59: 1 | C59: E.POTTEAUX | D59: Công vụ | E59: Không có | F59: Yết thị các cuộc đua ngựa | G59: Văn bản công quyền – quy phạm – quyết định | I59: Văn hóa – xã hội – phong tục – đời sống | K59: đua ngựa; yết thị; giải thưởng; thể lệ; ngựa Annam – Cao-mên; trường đua; quan Thượng-thơ | L59: Có yết thị định ngày 15 tháng giêng giờ thứ 3 rưỡi buổi chiều hay các cuộc đua ngựa: Thứ nhứt – đua ngựa Annam, Cao-mên, Ma-ní, người Annam mặc đồ Annam ngồi cỡi; trường đua ước 1500 thước tây; nhứt hạng thưởng 300 quan, nhị hạng 50 quan, tam hạng 25 quan. Thứ hai – đua ngựa Annam, Ma-ní, Chà-và (thứ ngựa nhỏ); trường đua 1800 thước tây; nhứt hạng 300 quan, nhị hạng 50 quan. Thứ ba – đua ngựa các nước bất luận lớn nhỏ; đồ ngựa cân nối 75 cân tây (ngựa Nhựt-bổn 65 cân tây); người đã ăn được 1000 quan tiền năm nay thì đồ ngựa phải nặng hơn 3 cân tây; trường đua 1800 thước tây; nhứt hạng 700 quan, nhị hạng 100 quan. Thứ tư – đua ngựa Annam, Cao-mên; mỗi người phải góp tiền 25 quan hiệp thành số lớn; đồ ngựa phải nặng 57 cân tây; trường đua 1500 thước tây; tiền đua 400. Thứ năm – đua ngựa Ma-ní, Annam, Chà-và bất luận thứ ngựa gì; phải người tây cỡi; mỗi người chung tiền 25; đồ ngựa phải nặng 65 cân tây (ngựa Annam Cao-mên 55 cân tây); trường đua 1800 thước tây; tiền đua 400 quan. Thứ sáu – đua các thứ ngựa các nước bất luận lớn nhỏ; phải người tây cỡi; mỗi người chung 100 quan; đồ ngựa phải nặng 75 cân tây (ngựa Nhựt-bổn 65 cân tây); trường đua 2400 thước tây; tiền trường 1500 quan. Trừ cuộc thứ nhứt thứ hai, còn các cuộc khác ai muốn đua thì hạn cho mồng mười tháng giêng tới giờ thứ 4 buổi chiều phải tựu tại tòa quan Thượng-thơ mà khai tên cùng khai danh sách ngựa mình cỡi. | M59: Yết thị thể lệ + giải thưởng các cuộc đua ngựa; quy định loại ngựa, trọng lượng, tiền góp, hạn đăng ký → HT: Văn bản công quyền – quy phạm – quyết định; ND: Văn hóa – xã hội – phong tục – đời sống (sự kiện đua). | N59: Có yết thị định ngày 15 tháng giêng giờ thứ 3 rưỡi buổi chỉ ở sau này các cuộc đua ngựa như sau nầy: Thứ nhất đua ngựa Annam, Cao-mên bất luận ngựa cái được hay là ngựa thiến đều cho vào đua, nhưng người Annam mà để Annam ngồi cởi. Trường đua ước 1500 thuớc tây, nhứt hạng thưởng 300 quan, nhì hạng thưởng 50 quan, tam hạng thưởng 25 quan. Thứ hai đua ngựa Annam, Ma-nứ, Chà-và bất luận cái được mà phải thứ ngựa nhỏ nhỏ, trường đua 1800 thước tây, nhứt hạng thưởng 300 quan, nhì hạng thưởng 50 quan. Thứ ba đua ngựa các nước các thứ ngựa bất luận ngựa lớn nhỏ, đồ ngựa phải căn cho nổi 55 căn tây, đồ ngựa Nhựt-bổn phải được 65 căn tây, còn người đua ngựa ngày lễ bổn mừng Hoàng-đế năm người đã được 1000 quan tiền, năm nay người ấy cũng đua nữa, thì đồ ngựa người ấy phải nặng hơn đồ ngựa người khác 3 căn tây. Trường đua 1800 thước tây. Nhứt hạng thưởng 700 quan tiền. Nhì hạng thưởng 100 quan tiền. Thứ 4 đua ngựa Annam ngựa Cao-mên bất luận cái được thiến đều được vào trường, mỗi người phải góp tiền 25 quan hiệp cho đặng một số liền, như ai được thứ nhứt thì số tiền tiền ấy hết. Đồ ngựa phải nặng cho được 57 căn tây, trường đua 1500 thước tây, tiền đua 400. Thứ 5 đua ngựa Mani, Annam, Chà-và, bất luận thứ ngựa gì đều cho vào trường, phải người tây cởi, mỗi người sẽ chung tiền 25, đồ ngựa phải nặng cho được 65 căn tây, ngựa Annam Cao-mên thì phải 55 căn tây. Trường đua 1800 thước tây, tiền đua 400 quan. Thứ 6 đua các thứ ngựa, ngựa các nước bất luận lớn nhỏ, phải người tây cởi, mỗi người chung 100 quan tiền, đồ ngựa phải nặng 75 căn tây. Như có ngựa Nhựt-bổn phải được 65 căn tây. Trường đua 2400 thước tây, tiền trường 1500 quan. Trừ ra cuộc đua thứ nhứt thứ hai, còn các cuộc khác ai muốn đua thì hạn cho mồng mười tháng giêng năm tới giờ thứ 4 buổi chiều phải tụ tại tòa quan Thượng-thơ mà khai tên họ cùng khai danh sắc ngựa mình etc. Lại ai muốn đua cuộc thứ nhứt thứ hai, hạn cho nội ngày ấy giờ thứ 3 rưỡi phải tụ tại trường mà đua, còn các điều lệ khác thì ý như năm ngoái. | R59: Potteaux | S59: =IFERROR(VALUE(RIGHT(TRIM(A59),4)),"") -> 1866 | T59: =IF(TRIM(D59)="Tập vụ","Tạp vụ",TRIM(D59)) -> Công vụ | V59: =IF($A59="","",VALUE(MID($A59,7,4)&MID($A59,4,2)&MID($A59,1,2))) -> 18660115
A60: 15/01/1866 | B60: 1 | C60: E.POTTEAUX | D60: Công vụ | E60: Không có | F60: CÔNG VỤ – Yết thị 20 tháng chạp: nộp vật hạng | G60: Lời rao – quảng cáo – đấu giá – đấu thầu | I60: Kinh tế – tài chính – thương mại | K60: yết thị; đấu thầu vật hạng; nộp cho nhà nước; quan Bố Sài-gòn; vật liệu xây dựng; tre cây | L60: Yết thị tại dinh Quan Bố Sài Gòn ngày 20 tháng chạp: quy định các mặt hàng phải nộp hàng tháng cho nhà nước (cát trứng, cắt thường, cán cuốc, mòn hay lá cây, dây cột rào, tre cây); số lượng và hạn nộp. | M60: Yết thị mời nộp/cung ứng vật hạng hàng tháng cho nhà nước → theo chức năng là đấu thầu–cung ứng; kinh tế. | N60: Có yết thị định ngày 20 tháng chạp tại dinh Quan Bố Sài-gòn sẽ cho người ta chiếu giá mua những vật hạng sau nầy để mỗi một tháng thâu nộp cho nhà nước. 1 Cắt trứng để mà tô đứa nên vách, một tháng phải 500 thước tây vuông vức. 2 Cắt thường đồ binh địa, mỗi tháng phải 5,000 thước tây vuông vức. 3 Cắt cuốc bằng cây các hạng lớn nhỏ 200 cây. 4 Mướn hay là cây để mà rào 3,000. 5 Mày cột rào 1,500 bộ. 6 Tre cây để làm gian 200. Ai muốn biết điều ước biểu làm sao, thì phải tựu tại nơi quan Bố mà coi. | R60: Potteaux | S60: =IFERROR(VALUE(RIGHT(TRIM(A60),4)),"") -> 1866 | T60: =IF(TRIM(D60)="Tập vụ","Tạp vụ",TRIM(D60)) -> Công vụ | V60: =IF($A60="","",VALUE(MID($A60,7,4)&MID($A60,4,2)&MID($A60,1,2))) -> 18660115
A61: 15/01/1866 | B61: 1 | C61: E.POTTEAUX | D61: Tạp vụ | E61: Không có | F61: TẠP VỤ – Người Annam và phong tục Pháp-lang-sa | G61: Nghị luận – bình luận – khuyến dụ – giáo huấn | I61: Văn hóa – xã hội – phong tục – đời sống | K61: phong tục Pha-lang-sa; tâm lý nghi ngại của dân; canh tân; hội đồng canh nông; khuyến khích siêng năng; Paulus Của | L61: Có nhiều người Annam chưa thông hiểu đúng phong tục Pha-lang-sa, hễ nghe quan Pha-lang-sa sửa định cùng ra thể lệ gì mới lạ thì hay nghi nan sợ hãi, tưởng quan Pha-lang-sa không có ý binh vực cũng không có ý làm ích cho dân, lại hay lý sự đổi đời không bằng lòng; mà phải biết sự đổi đời làm ích lợi cho kẻ khác. Từ Pha-lang-sa qua đây cho đến bây giờ có nhiều việc đổi đời, mà những việc đổi đời ấy đều làm ích cho dân; một hai điều thiệt hại nhỏ theo sau, song trong lúc làm cho được ích lợi lớn thì chẳng khá vì sự thiệt hại nhỏ mà bỏ việc lớn. Lập hội đồng về việc canh nông cùng các nghề nghiệp là có ý làm cho dân được siêng năng cùng được tinh thông, có lòng làm ích lợi lớn hơn. | M61: Bài khuyên dân hiểu và chấp nhận canh tân/phong tục Pha-lang-sa → nghị luận–khuyến dụ; văn hóa–xã hội (tâm lý, phong tục). | N61: Có nhiều người Annam chưa có thông hiểu đàng phong tục phép tắc Pha-lang-sa cũng chưa có thấm tìn đặng lòng quan Pha-lan-sa, hễ có nghe thấy quan Pha-lan-sa sửa định cùng ra thể lệ gì mới lạ, thì họ nghĩ nan sợ hầi trướng quan Pha-lan-sa không có ý hình vực cũng không có ý làm ích cho dân, lí bay lý sự đổi đời không bằng lòng, mà phải biết sự đổi đời mà làm ích thì khác còn sự đổi đời mà làm hại thì khác, chớ khá chấp nhặt lấy sự đổi đời làm sự thiệt hại mãi đầu. Từ Pha-lang-sa qua đây cho đến bây giờ, chúng ta thấy có nhiều việc đổi đời, mà những việc đổi đời ấy thì đều làm ích cho dân cũng làm cho đất nầy ra lịch sự, tuy có một hồi đầu thiệt hại nhỏ mọn theo sau, song trong lúc làm cho đúng ích lợi lớn, thì chẳng khá vì sự thiệt hại nhỏ mà bỏ việc lợi lớn đầu. Nghe có như u người lý sự lập hội đồng thị việc canh nông cùng các nghề nghiệp làm nghi nan, sự quan có ý cho biết các việc người dân mà đóng thuế đến them, song thường thường đây biết việc ấy làm ích cho dân là thế nào, quan trên lập phép lý ra, là có ý mà làm cho dân đứng siêng năng cùng đúng tình thông trong các nghề nghiệp, cho biết thể làm ăn tử tế cùng biết kiêm lợi trong đất nầy, vốn dân ta thì hay làm biếng, chờ lo cho đã ăn đủ mẻ, qua ngày qua tháng, khỏi đói khát thì lấy làm đó, đủ có so với người nước khách, thì việc giữ có, lịch sự, hầy cần kiếm người nước ấy nhờ u, mà người Annam cũng là hay đổi thì trò số là tại đất tốt làm cho người Annam làm biếng, chúng phải là làm biếng tự nhiên, nhờ phép hội đồng ấy thì dân ta sẽ tranh dua làm cho đúng giàu có thêm thật cũng biết lịch sự hơn trước, cách ăn ở lịch sự, cũng đứng khéo léo như người bên Tây. PAULUS CỦA | O61: PAULUS CUA | P61: Paulus Của (Huỳnh Tịnh Của) | Q61: Tòa soạn | R61: Potteaux | S61: =IFERROR(VALUE(RIGHT(TRIM(A61),4)),"") -> 1866 | T61: =IF(TRIM(D61)="Tập vụ","Tạp vụ",TRIM(D61)) -> Tạp vụ | V61: =IF($A61="","",VALUE(MID($A61,7,4)&MID($A61,4,2)&MID($A61,1,2))) -> 18660115
A62: 15/01/1866 | B62: 1 | C62: E.POTTEAUX | D62: Tạp vụ | E62: Không có | F62: TẠP VỤ – Tin tàu Lorcha Sài Gòn–Mỹ-tho | G62: Tin tổng hợp | I62: Đa chủ đề | K62: tàu Lorcha; đường buôn Sài-gòn – Mỹ-tho; ăn cướp; cầu Thị-nghè hư; tàu l'Orne; 800 lính; P. Của | L62: Đường buôn bán tàu từ Sai-gon xuống Mỹ-tho bây giờ đã yên vì từ khi có chiếc tàu Lorcha ngừa tới nơi, dân làng ở xung quanh trước nhân nghèo đói hay ăn cướp người ta, song lúc này cũng đã vắng, cho nên không còn sự ăn cướp nữa. Cầu Thị-nghè làm được 18 tháng, bây giờ đã hư rồi, bộ hành phải đi đò; cột cầu ấy bị hà ăn đứt chân, chữa nhiều lần mà hà ăn cũng vậy. Nhà nước đang tính làm cầu cột sắt cho được bền chắc. Chiếc tàu l'Orne bỏ Suez ngày 21 tháng novembre, chừng một tháng thì sẽ tới Saigon, tàu ấy chở người quá giang cùng chở 800 lính lại thay đổi cho lính mãn hạn. | M62: Đường buôn yên nhờ tàu Lorcha + cầu Thị-nghè hư + tàu l'Orne chở 800 lính → tin tổng hợp; Đa chủ đề. | N62: Đường buôn bán từ Sai-gon xuống Mỹ-tho bây giờ vắng vì có chiếc tàu Lorche ngủ tại nội Rạch-chanh, dân làng ở xung quanh trước nhờ nghèo đói hay ăn cướp người ta, song lúc nầy cũng đã vắng, cho nên đang sắp không còn sự ăn cướp nữa. Cầu Thị-nghề làm đặng 18 tháng, bây giờ đổ hư rồi, bộ hành phải đi đò, cột cầu ấy bị hà ăn đất chân, cất sao như u làm mà hà ăn cũng đừng. Thể cầu làm bằng gây thì không tiền, nhà nước đang tính làm cầu không cột họ làm vách hai phía rồi bắt vẫn mà thôi, họ làm cốt sắt, người ta đang nghi làm thứ cầu cho đứng bền chắc. Chiếc tàu l'Orne bồ Suez ngày 21 tháng novembre cũng chạy tới Aden ngày 1er decembre: chiếc tàu nầy một ít thì sẽ tới Saigon, tàu ấy chở người quai giàng cũng đổ đến qua như u, ngày 8 janvier tàu l'Orne tới Saigon, chở 800 lính lại thú cũng đổi cho lính mãng hạn. P. Của. | O62: P. Của | P62: Paulus Của (Huỳnh Tịnh Của) | Q62: Tòa soạn | R62: Potteaux | S62: =IFERROR(VALUE(RIGHT(TRIM(A62),4)),"") -> 1866 | T62: =IF(TRIM(D62)="Tập vụ","Tạp vụ",TRIM(D62)) -> Tạp vụ | V62: =IF($A62="","",VALUE(MID($A62,7,4)&MID($A62,4,2)&MID($A62,1,2))) -> 18660115
A63: 15/01/1866 | B63: 1 | C63: E.POTTEAUX | D63: Tạp vụ | E63: Không có | F63: Không rõ tiêu đề | G63: Tin tổng hợp | I63: Đa chủ đề | K63: quan Tuần-phủ Hà-tiên; Tổng-đốc An-giang; quan Nguyên-Soái; A-Soa; voi Cao-mên; bắt người mạo danh lính Lang-sa; Paulus Của | L63: Ngày 20 tháng 11 có quan Tư-phủ Hà-tiên xuống Saigon thăm quan lớn Nguyên-Soái; khi ghe người tới nơi thì quan Nguyên-Soái cho xe ngựa xuống bến rước người lên dinh cách trọng thể, quan Nguyên-Soái cũng tiếp đãi lại trọng hậu. Qua ngày mồng chín có quan Tổng-đốc An-giang xuống mừng quan Nguyên-Soái, bàn việc ba tỉnh. | M63: Nhiều mẩu: quan Annam thăm Nguyên-Soái, bàn việc 3 tỉnh, voi Cao-mên, bắt kẻ mạo danh lính → tin tổng hợp; Đa chủ đề. | N63: Ngày 20 tháng 11 có quan Tuần-phủ Hà-tiên xuống Saigon thăm quan lớn Nguyên-Soái, khi ghe người tới nơi thì quan Nguyên-Soái cho xe ngựa xuống bến rước người lên cách trọng thể, quan Tuần-phủ đem đồ thổ sản dâng cho quan Nguyên-Soái, quan Nguyên-Soái cũng tiếp đãi lại trọng hậu. Qua ngày mồng chín như ngày chúa nhựt có quan Tổng-đốc An-giang xuống mừng quan Nguyên-Soái, về Tây mới 1 ít việc ba tỉnh. Quan Nguyên-Soái cho xe cùng Mỹ-kỵ xuống rước người lên đình, đãi đứng lịch sự cùng bàn bạc nhiều chuyện về A-Soa là người Cao-mên làm ngày ở gần Thất sơn, quan Hộ-đốc đã sao huyết, rưới nó thoát khỏi, người hết đứng năm thốt tượng cùng súng ông của nó, bây giờ quan Nguyên-Soái xin quan Hộ-đốc giải giao 5 con voi ấy cho ông quan Pha-lang-sa bảo hộ Cao-mên, cho người ta do ngã Tây-ninh cần đang bộ điều nó xuống Sai-gon để làm việc trạm. Quan Hộ-đốc đậu ghe tại Sai-gon một bữa qua ngày sau người đi lý chân đường rồi đó tới chiều ngày ấy thì người lui về bổn tỉnh. Nội ngày chúa nhựt ấy trên An-giang có giải 2 người ngày Cao-mên xuống Sai-gon cho quan lớn Nguyên-Soái làm tội. Qua ngày 24 lại có một ông đội ở trên An-giang gởi hai tối nhơn Annam ở về tỉnh hết đưới nầy lên trên ấy gởi mình là quân đội Lang-sa hống hiếp bần lượt bình dân quan tỉnh trên ấy cho giải nó xuống cho quan đưới nầy trị tội. Paulus Của. | O63: Paulus của | P63: Paulus Của (Huỳnh Tịnh Của) | Q63: Tòa soạn | R63: Potteaux | S63: =IFERROR(VALUE(RIGHT(TRIM(A63),4)),"") -> 1866 | T63: =IF(TRIM(D63)="Tập vụ","Tạp vụ",TRIM(D63)) -> Tạp vụ | V63: =IF($A63="","",VALUE(MID($A63,7,4)&MID($A63,4,2)&MID($A63,1,2))) -> 18660115
A64: 15/01/1866 | B64: 1 | C64: E.POTTEAUX | D64: Tạp vụ | E64: Không có | F64: Không rõ tiêu đề [Phía dưới sông bây giờ có nhiều ăn cướp; vụ quân Maní và ghe thuyền] | G64: Tin tổng hợp | I64: Đa chủ đề | K64: ăn cướp đường sông; Ngã bảy; quân Maní; cướp ghe buôn Biên-hòa; vua Annam mua tàu khói; Hương-cảng; bão; Paulus Của | L64: Phía dưới sông bây giờ có nhiều ăn cướp, nhứt là phía Huế; Huế có sai 10 người thợ vào Sai-gon cùng nhơn tiền mua một chiếc tàu khói. Lúc ấy có một người lái buôn tây chịu đem người ấy qua Hương-cảng, mua đặng một chiếc tàu khói hết 130,000 đồng bạc. Nói chiếc tàu này mua riêng cho vua Annam. Khi mua được chiếc tàu này rồi thì có một chiếc khác tới cửa Thuận-an xin bán cho nhà nước. Chiếc tàu ấy trở về Hương-cảng ngày mồng 4 tháng 11, có chở theo một ít người Annam, trong đó có cả bà cựu Vinh-long. Song khi chiếc tàu ấy chở người đi ngang qua thì gặp bão lớn phá chiếc tàu gần chìm, tàu phải chạy xuôi vào đậu tới Cần-giờ; quan Tổng-đốc Vinh-long có giúp tiền gạo cho mấy người Annam ở dưới tàu ấy. Paulus Của ký. | M64: Ăn cướp đường sông + Huế mua tàu khói ở Hương-cảng + bão phá tàu → tin tổng hợp; Đa chủ đề. | N64: Phía dưới sáng bây giờ có nhiều ăn cướp, nhứt là phía Ngả bầy, Rạch là tiếng có nhiều ăn cướp quân tụ nghe nói có quân Maní hoang cũng là linh úp theo nó đong, ghe thuyền súng nó nhiều, ghe giàng hộ thầy nó cũng thết kinh, mầy ghe hạt đoàn lên hạn đủ về tay nó, các quan đem bình tâm vần, kiếm mầy vòng nó ở cùng phá sào huyết nó, mà nó trốn hay làm, tim kiếm cũng chưa được. Bên Biên-hòa có một đặng ăn cướp chắc, nó hay chẳng ghe buôn lại hòn Sông rừn cùng lại Tắt Đồng-nai, rạch Chiếc ngày tháng 10 nó đánh một chiếc ghe bà họ chàn là người ở Lê-gẫm, thương hại bà họ nầy có và nó không lại, bị nó đâm chết, hàng hóa đồ đã trong ghe nó đơn sách, bạn chiếu bơi vào chèo ghe không chớ thấy bà họ trơ vơ, vừng gốc gây đặng rất nên thầm thiết. Năm người ngoài Huế có sai 10 người thợ vào Sai-gòn học đóng tàu khói, họ cần tiền mua một chiếc tàu khói đã đóng thành, lúc ấy có một người lái buôn tây chịu đem các người ấy đi qua Hương-cảng, cũng đã mua đứng một chiếc tàu khói hết 130,000 đồng bạc còn có cùng đem về Huế ngày tháng 10 tầy. Nói chiếc tàu nầy mua riêng cho vua Annam. Khi mua đặng chiếc tàu nầy rồi thì có một chiếc khác tới của Thuận-an bắn cho nhà nước. Nhà nước chịu mua xong, chiếc tàu ấy chạy trở về Hương-cảng là ngày mồng 4 tháng 41 tầy, có chở theo một ít người giữ việc Annam, họ được định giá cả cũng bộ cựu Vinh-long bây giờ làm chức phó đó qua ở tại Hương-cảng, song lúc chiếc tàu ấy chạy ngang qua Mỹ-cao một trận gió giữa nhân chiếc tàu, thì đà phải gió vào đất Hội-nam cùng chú Ngã-hành về phần đất Quảng-nam. Khi ấy dưới tàu cho một người Annam lên đất mua go cũng tính trở về Huế song không được. Giống bão lớn phá chiếc tàu gần chun, tức phải chạy xuôi vào của Cửa-giữ vào đầu tại đến Cà tré. Quan Tổng đốc Vinh-long có gởi tiền gởi áo quần cho mấy người Annam ở dưới tàu ấy, ông chúa tàu ấy đang tu bổ máy bầy bộ sống bổ đánh hư, cũng sẽ chạy sang Hương-cảng cho được gặp chiếc tàu khói kia đã chầy qua đó trước 3 ngày, chờ chuyền nầy sẽ chạy theo tới xứ ấy. Paulus Của | O64: PAULUS CỦA | P64: Paulus Của (Huỳnh Tịnh Của) | Q64: Tòa soạn | R64: Potteaux | S64: =IFERROR(VALUE(RIGHT(TRIM(A64),4)),"") -> 1866 | T64: =IF(TRIM(D64)="Tập vụ","Tạp vụ",TRIM(D64)) -> Tạp vụ | V64: =IF($A64="","",VALUE(MID($A64,7,4)&MID($A64,4,2)&MID($A64,1,2))) -> 18660115
A65: 15/01/1866 | B65: 1 | C65: E.POTTEAUX | D65: Tạp vụ | E65: Không có | F65: [Ngày 15 tháng janvier – các cai tổng và hương chức hiệp cùng các quan tham biện] | G65: Tin – tường thuật sự kiện | I65: Chính trị – hành chính | K65: cai tổng – hương chức chào mừng; quan Nguyên-Soái; quan Tham-biện; quan hiệp biện Phan; tàu Fusée; Paul Tôi | L65: Ngày 15 tháng janvier có các cai tổng cùng các hương chức ở huyện Kiên-hưng, Phước-lộc, Tân-thành, Cầu-an, Bình-an hiệp cùng các quan Tham-biện tới mừng quan Nguyên-Soái; quan Nguyên-Soái tiếp các ông ấy giờ thứ 3 buổi chiều. Quan Tổng-đốc Vinh-long mới sai ghe binh đi đón quan Nguyên-Soái; các quan viên chức ở Kiên-đường, Kiên-phong, Kiên-hòa cùng các quan viên ở Biên-hòa, Bà-rịa cũng đến mừng quan lớn Nguyên-Soái trong giờ ấy. Quan Nguyên-Soái cũng sai tàu Fusée đi xuống Bà-rịa rước người về Sai-gon; người vào thăm quan Nguyên-Soái rồi đi Vinh-long. | M65: Thuật cai tổng, hương chức các huyện đến mừng/chầu quan Nguyên-Soái → tin sự kiện; chính trị–hành chính. | N65: Ngày 15 tháng janvier có các cai tổng các hương chức cùng các trị huyện Kiến-hưng, Phước-lộc, Tân-thành, Cầu-an, Bình-an, hiệp cùng các quan Tham-biện sớ lại tổi lý mừng quan lớn Nguyên-Soái, quan Nguyên-Soái tiếp các ông ấy giờ thứ 3 buổi chiều. Ngày 18 có quan Tham-biện sớ lại đem các viên chức ở Kiến-đứng, Kiến-phong, Kiến-hòa, cùng các quan viên ở Biên-hòa, Bà-ria, đồng tối mừng quan lớn Nguyên-Soái cũng trong một giờ ấy. Quan Tổng-đốc Vinh-long mới sai ghe bình đi hướng đến quan hiệp biện Phan — quan Nguyên-Soái cũng mới sai tàu Fusée đi xuống Bà-ria rước người về Sài-gòn. Người vào thăm quan Nguyên-Soái rồi đi Vinh-long. Paul Tôi. Kẻ đặt chữ tại nhà In, | O65: PAUL TỎI, KẺ đặt chữ tại nhà in | P65: Paulus Tỏi | Q65: Tòa soạn / nhà in | R65: Potteaux | S65: =IFERROR(VALUE(RIGHT(TRIM(A65),4)),"") -> 1866 | T65: =IF(TRIM(D65)="Tập vụ","Tạp vụ",TRIM(D65)) -> Tạp vụ | V65: =IF($A65="","",VALUE(MID($A65,7,4)&MID($A65,4,2)&MID($A65,1,2))) -> 18660115
A66: 15/01/1866 | B66: 1 | C66: E.POTTEAUX | D66: Tạp vụ | E66: Không có | F66: Không rõ nhan đề | G66: Tin – tường thuật sự kiện | I66: Pháp luật – tư pháp – an ninh | J66: Nông nghiệp – sản xuất – nghề nghiệp | K66: lúa gạo rẻ; mùa gặt; ăn cướp thu thuế; binh phòng thủ; an ninh làng xóm | L66: Lúa gạo năm nay rẻ hơn các năm trước, dân đang gặt. Cướp bóc lợi dụng lấy thóc lúa; kéo nhau chém giết dọa dân. Nhờ Quan trên đặt binh phòng thủ nên cũng không xâm hại là bao nhiêu. | M66: Lúa gạo rẻ, mùa gặt + cướp thu thuế, có binh phòng thủ → tin sự kiện; an ninh, phụ nông nghiệp. | N66: Lúa gạo năm nay rẻ hơn các năm trước, lúc này người ta đang gặt thời, các cha ăn cướp chết đói làng xóm cũng càng lo kiếm chắc khu vỡ rồi tới lấp mưu kế, gặt người ta mà thâu thuế, ai thu n theo nó thì chở, bằng chúng thứ n thì nó thừa cơ làm mấy chỗ xa quan, kéo nhau tới làm dữ chém giết làm oai dọa người ta mà lấy tiền xúc lúa. Như Quan trên cõi lòng lo cho dân, đầu đó đặt binh phòng thủ, nghe ra nó cũng không xâm hại là bao nhiêu. | R66: Potteaux | S66: =IFERROR(VALUE(RIGHT(TRIM(A66),4)),"") -> 1866 | T66: =IF(TRIM(D66)="Tập vụ","Tạp vụ",TRIM(D66)) -> Tạp vụ | V66: =IF($A66="","",VALUE(MID($A66,7,4)&MID($A66,4,2)&MID($A66,1,2))) -> 18660115
A67: 15/01/1866 | B67: 1 | C67: E.POTTEAUX | D67: Tạp vụ | E67: Người Ma-ni bị máy tàu cắt cánh tay | F67: TẠP VỤ – Người Ma-ni bị máy tàu cắt cánh tay (P. Chartroule) | G67: Tin – tường thuật sự kiện | I67: Tai nạn – thiên tai – sự cố | J67: Pháp luật – tư pháp – an ninh | K67: tai nạn lao động; người Ma-ni; máy tàu; Cần-giờ; nhà thương Sài-gòn; cưa cánh tay; tòa phạt; P. Chartroule | L67: Hôm trước gần Cần-giờ, một chiếc tàu khói giở lên cùng các tàu buồm. Khi tàu khói ấy xuống nơi đó liền quay lại cột chiếc tàu buồm; máy tàu vướng lấy dây đang chạy. Ban đầu ông quan cai tàu dạy quân xuống mở dây, không ai dám xuống nên ông quan phải nhờ một người Ma-ní làm việc đó. Khi Ma-ní vừa xuống thì máy liền chạy qua nửa vòng, tay máy xây qua rồi lấy tay Ma-ní, vì tên coi máy chẳng cẩn thận nên không coi trước. Sau đó ông quan cai tàu và tên coi máy đưa Ma-ní chở về nhà thương Sài-gòn để chữa; có ông nghĩ phải cắt cánh tay ấy đi mới sống. Khi về tới và cho thuốc, người Ma-ní sống được một ngày mà thôi. Kết quả: quan Khâm-mạng tam tòa xử ông cai tàu và người coi máy phải chịu phạt, mỗi người một trăm góc tư. P. Chartroule, thông ngôn tam tòa, ký. | M67: Người Ma-ni bị máy tàu cắt tay rồi chết, tòa phạt người phụ trách → tin sự kiện; tai nạn lao động, phụ pháp luật. | N67: Nói về người Ma-ni bị máy tàu cắt đứt một cánh tay Hôm trước gần của Cần-giờ, có một chiếc tàu khởi đi giữa mướn các tàu buồm, khi tàu khởi lúc xuống tới nơi, liền quay lại cột chứa tàu buồm; song chiếc máy vẫn lấy đang dùng tàu buồm vào trong máy, nên chạy chẳng dừng; Bàn đó, ông quan cai tàu đẩy quân xuống mở dây ấy ra, mà chúng ai dám xuống, nên ông quan tàu phải hóa năm đồng bạc cho đứa nào theo đây ra đặng, đó có một tên Ma-ni chịu lấy việc mà làm, nó liền lội xuống, song khi nó mới cắt cái dây xong, thì máy liền xảy qua nữa vòng rồi tay Ma-ni nó vô trong máy nghiền gẫy; ấy tại ông cai tàu và tên coi máy chẳng ở n thân chẳng coi trước coi sau. mới ra sự rủi này, thì ông cai tàu buồm truyền chở lấy tên Ma-ni bịnh, đem về nhà thương Sài-gòn cho dùng thuốc thang, các quan thầy thuốc tựu lại tính cầu ngời lấy: có ông nghị rằng: phải cắt cánh tay ấy đi, may thì sống không may thì chết. Khi cắt rồi và cho thuốc, người Ma-ni sống đang một ngày mà thôi. Bởi đó cho nên quan Khâm-mương làm tòa xử ông cai tàu và người coi máy phải chịu phạt, một người là một trăm góc tư. P. Chartroule thông ngôn tam tòa. | O67: P. Chartroule – thông ngôn tam tòa | P67: P. Chartroule | Q67: Thông ngôn | R67: Potteaux | S67: =IFERROR(VALUE(RIGHT(TRIM(A67),4)),"") -> 1866 | T67: =IF(TRIM(D67)="Tập vụ","Tạp vụ",TRIM(D67)) -> Tạp vụ | V67: =IF($A67="","",VALUE(MID($A67,7,4)&MID($A67,4,2)&MID($A67,1,2))) -> 18660115
A68: 15/01/1866 | B68: 1 | C68: E.POTTEAUX | D68: Tạp vụ | E68: Nói về Saigon | F68: TẠP VỤ – Nói về Saigon (bài tổng hợp dài) | G68: Bài tri thức – khảo cứu – giải thích | I68: Văn hóa – xã hội – phong tục – đời sống | J68: Kinh tế – tài chính – thương mại | K68: Sài-gòn; đô thị hóa; Chợ-lớn; Bến-nghé; đường sá – cầu cống; trại cưa – cơ xưởng; vườn bách thảo; thầy Vê-rô (Bá Đa Lộc); đồng Chí Hòa; miếu Công thần; Paulus Của | L68: Bài dài mô tả tình hình Sài Gòn: buôn bán, các làng xóm ngoài thành, sinh hoạt dân cư, Chợ Lớn, cây trái Đồng Nai, vườn hoa; bàn về cơ hội buôn bán, nghề nghiệp, người Cao-mên buôn bán; cảnh quan thành phố đang thay đổi. | M68: Bài mô tả/khảo cứu về Sài-gòn (đô thị, sinh hoạt, buôn bán) → bài tri thức–khảo cứu; văn hóa–xã hội, phụ kinh tế. | N68: Nói về Saigon Đất Sài-gòn ra làm sao? thiên hạ cũng đủ biết, cho nên còn phải nói chỉ cho làm về việc buôn bán cũng việc sửa trị trong đất ấy, muốn việc sửa sang trong đất ấy càng ngày càng đổi dời, mà thành việc cũng nên mau. Ta có ý xét riêng về những làng xóm ở ngoài thành phố, hồi qua hoang nhàn, hôm nay tỉ năm, một ít năm số thêm lợi cho đất Chợ-lớn, là hội các chợ buôn bán lên lại lợi đất Sài-gòn? của bên Nam-kì cũng Cao-miên song ta nhớ lại những việc làm từ từ trong đất Sài-gòn năm 1865, thì cũng là một đủ có ích, trước hết ta nói về những đang sẽ làm lại cũng đẹp đã ông, những đó để mà làm đặng, lấy tại Sài-gòn cũng nhiều, đất sỏi lầy tắc kênh Nhiêu-lộc, những đặng làm thử ấy thì chắc chừn, đủ trong các nơi thành phố làm nhiều việc, phải dụng xe cộ chuyên chở qua lại, nó cũng không hư, đầu cổ mưa lớn, mưa rồi một tại giờ nó cũng ráo rẽ, chính mưa mưa bộ hành cũng để đi, không phải nhớt nhác, trơn trợt. Có nhiều đường trong thành cũng phải mé đó trồng xoài, me nhỏ nhỏ, trong một ít năm nữa nó lên coi thành phố ta lịch lãng. Mỗi đây mà người ta đã làm đang nhiều việc lớn cũng lập nhiều đô cục cỡ thể, như đó lấp đang lộ nền trại cưa, trị thợ mộc, trị làm xe cũng trại tu tô đó dưới tàu ấy những cuộc cơ xảo lấp ra đang mau thở ấy, thì đất Sài-gòn ta sẽ đủ đồ dùng chúng phải cậy mướn dân gần nữa. Trong những việc làm trong thành phố cũng nên nhắc lại riêng từ, như mấy nhà của ông quan bên Xóm-chiếu cũng những việc công, như Cửu-kiệu Khám-đường mới nhà quan Thượng-thơ cũng nơi Thủ-ngữ. Bây giờ ta nói qua việc người thành phố, nghĩa là những làng xóm ở người vòng thành, mà trước hết ta nói về một việc lạ, là đang sợ trong Chợ-lớn đó đặng lịch sử cũng là chỗ những người Bến nghề sao chơi, mà cũng ngày nó cũng ra lịch sự, đến đổi những đất cất ở xung quanh người ta mua gần hết cũng tranh đưa cất nhà xây phố, những đất xưa kia đầy những bui bờ cỏ rác, bây giờ hóa nên đất thực làm rẫy lập vườn trồng đầu trồng nhà. Việc người ta làm cũng ngày càng thêm số, đất Chợ-lớn sẽ ra lịch sự hơn, cũng số cũng ngày cũng xui về, bây giờ đó đang sà thông lộn, như đang Chợ-quán, cũng các nơi đặng thông với các nội ruộng rẫy còn đặng dưới mé sông người ta cũng làm cầu bắt cho xe người qua lại lúc làm rồi sẽ dùng để chơi sung sướng, mà chúng không là việc đó chơi mà thôi, nói qua việc lợi thì đặng ý cũng đã có ích, sống Bến-nghề đặng vào Chợ-lớn bây giờ cũng là thông thả, trước có làm một cái cầu qua sông nhỏ mà chỗ không tiện, ghe giang hồ đó bị thiệt hại bây giờ phá cầu này đi, thì những ghe biển ghe sông ghe ngợ ghe giàu cũng các thứ ghe khác vào ra neo đậu đã được thông dụng đồng đều. Hai bên mé sông ấy cất nhà là dần dần, dân ở cũng ngày cũng thêm số, lại được như nhiều thứ người là nhà mê phía mé sông bì thêm, người dân lành vào ở ngoài thành phố tới về trú điền, hồ đặng chợ chi ít một trời chèn lọn, thì nó về đấy là mà cũng đã có một hai cái nhà người đang cắt cũng có người vỡ gỗ. Làm nhà chỉ ở bên cầm phía bên hữu sông Bến-nghề thì cũng về, phía ngoài thì thêm không ít, làm mướn cho số nhà thờ ở, phía trong thì ca làng Annam dân nghèo khổ ở, cắt xúm xúm những chỗ nhỏ lụp xụp nhỏ bé nhỏ bên làm đọc địa, mỗi một ngày qua lại hại lụy. Phải chừa chừng một tiền đồ qua phía thành phố mà làm thuê làm mướn học đi chèo ghe cho người ta. Ngang thành phố bên kia sông cũng có lúng, trước hết thì là làng An lợi hay là làng thủ thiêm, rồi theo mé sông phía dưới, khỏi nhỏ đó cho các chủ mới tới ở nữa lo tiền bơ lành cho được nhớp vào địa hạt, thì là nơi người ta đang cắt trại cũng là nhà của cha các chủ một lâu nữa người ta sẽ lập trại lớn để mà sữa tàu học sẽ lập kho làng, chúng có lẽ mà nghĩ. Bây giờ ta nói về Phía trên cũng dời từ phía rạch Bà nghề, từ thành phố mà lên thì cổ sở kho sống: sở y tàu cũng trời của máy, coi qua các việc ở đó thì để biết người An nam gì cũng lành trong những ngành nghiệp máy móc lành, lành đã bốn năm năm trong xứ này chưa ai hể biết. Đó n thì cổ một nơi nuôi các thứ loài vật cũng cổ một cái vườn trồng các thứ cây cỏi hoa quả năm nay đã được nhiều thứ cây cỏ nhỏ đó mà trồng theo hai bên đặng trong thành phố, còn nơi nuôi loài vật, thì đã được như nhiều thứ vật là đó gởi về Pha-lăng-sa. Người ta đang khai phá mấy miếng đất gần xung quanh đó vươn làm một cái vườn cho tốt mà chơi. Sau hết ta nói về các làng ở phía bắc, thì là những làng ở ngoài thành phố cũng là dân bổn quốc tùng phục ở theo ta, đó ghe phần chịu đổi dời từ khi bỏ của Đà ở nặng, thì những dân ấy mới được chở yên thân theo phía Cầu-Bông Cầu-Kiệu, còn theo người rạch Bể-chiếu thì cổ người lăng giàu có làm vườn rẫy có chợ Gò-vấp cũng là chợ sung nổi buôn bán nhiều đồ ăn, hằng ngày cổ hàng cũng trái trồng đem bán sang ngoài chợ Sài-gòn. Khỏi chợ Gò-vấp mà lên thì cổ những làng giàu có trồng bông trồng điều làm ruộng, gần đặng lên Hóc-môn, thì thấy những xoài quéo cao lớn ở giữa thì có một lũng đúc cao hoằng đã lấp vì công nghiệp đúc thầy Vê-rô, là người đã giúp đức Cao hoàng mà khôi phục nước nam, đức cao hoàng cũng gọi người là sư phụ cũng bằng hữu. đức thầy này. chết năm 1799 mà tiếng người cũng còn sống giữa người có trong xứ này, lại nơi làng người có một cái vườn hoa nhỏ, mà kẻ có đó xem ra giữ gìn vườn ấy cũng ăn cơm; năm 1861 quan nguyên soái Char-ner đã truyền thị đặt một lũng ấy cho làm đất từ. Khỏi đó thì thấy một cái đồng lớn đầy những mồ mả, gò đống, bởi lâu đời cùng bởi giặc giã thì những vội đá cũng đổ chạm vô các nơi mồ mả ấy phá hư mất hết nhiều. Nơi đồng ấy có cây chối làm khóm, đứng Sài-gòn lên Thủ-n kiên ngang qua đồng ấy, lại có một cái kinh mới thông rạch Cửu kiệu qua Chợ lớn, cũng thấu qua giữa đồng ấy, đồng ấy gọi là đồng Chí hòa, có đến luỹ của quan An-nam làm chắc chắn đàn dân tử làng đức thầy thần tới Chợ lớn. Theo đàng Thủ-n kiên lớn xuống Sài-gòn, phía tây thì có chùa khởi tường bây giờ lý làm kho thuốc súng, có miếu cũng thấu, miếu hội đồng chứa kim chương, đàng sau cũng còn cây cỏ hoang vu. Miếu hội đồng, Công thần trước giặc thì là coi vua. miếu công thần thì lý đó mà trọng kính cùng nhớ công nghiệp các quan lớn đã liều mình vì nhà nước. Paulus Của | O68: Paulus Của | P68: Paulus Của (Huỳnh Tịnh Của) | Q68: Tòa soạn | R68: Potteaux | S68: =IFERROR(VALUE(RIGHT(TRIM(A68),4)),"") -> 1866 | T68: =IF(TRIM(D68)="Tập vụ","Tạp vụ",TRIM(D68)) -> Tạp vụ | V68: =IF($A68="","",VALUE(MID($A68,7,4)&MID($A68,4,2)&MID($A68,1,2))) -> 18660115
A69: 15/01/1866 | B69: 1 | C69: E.POTTEAUX | D69: Tạp vụ | E69: Không có | F69: [Ngày 21 tháng janvier – quan hiệp biện Phan tới Saigon, quan Nguyên-Soái tiếp] | G69: Tin – tường thuật sự kiện | I69: Ngoại giao – quan hệ đối ngoại | J69: Chính trị – hành chính | K69: quan hiệp biện Phan; quan Nguyên-Soái tiếp đón; nhà phước; đi kinh lược Vĩnh-long | L69: Ngày 21 tháng janvier giờ thứ 7 chiều có quan hiệp biện Phan tới Sai-gon; qua ngày 22 giờ thứ 7 ban mai quan Nguyên-Soái cho xe xuống rước người lên dinh. Người đã ở Sai-gon 2 ngày cùng quân gia hầu hạ. Qua ngày 23 giờ thứ 5 chiều người xuống ghe, các quan tùy tùng theo đi vào Vinh-long, ở trong ấy chừng một tháng mà đi kinh lược các tỉnh. | M69: Thuật quan hiệp biện Phan tới Sài-gòn, được tiếp rồi đi kinh lược Vĩnh-long → tin sự kiện; chính trị–hành chính. | N69: Ngày 21 tháng janvier giờ thứ 7 chiều có quan hiệp biện Phan tới Sài-gòn có quan hầu hạ đồng. qua ngày 22 giờ thứ 7 ban mai quan Nguyễn-Soái cho xe xuống rước người lên đình. người đã có ý tới cầu quan Nguyễn-Soái, người đó ở lại Sài-gòn 2 ngày cùng quan gia hầu hạ người; lúc ấy người chỉ thêm hỏi sáng. thấy những đó mấy mức thì người lý làm l, đoàn đi vô ngủ nhà-phước có cây thấp cao là nơi ấy để con nơi. coi những đó cuộc cùng những trẻ nít học trong ấy, rồi đó người đi chơi nhiều nơi, qua ngày 23 giờ thứ 5 chiều người xuống ghé cùng các quan tây từng cho được đi vào Vĩnh-long cũng ở trong ấy có khi tới một đôi tháng, mà đi kinh lược các tỉnh. qua đến ngày thì cần hề nghiệp người sẽ lên coi chơi với các quan. | R69: Potteaux | S69: =IFERROR(VALUE(RIGHT(TRIM(A69),4)),"") -> 1866 | T69: =IF(TRIM(D69)="Tập vụ","Tạp vụ",TRIM(D69)) -> Tạp vụ | V69: =IF($A69="","",VALUE(MID($A69,7,4)&MID($A69,4,2)&MID($A69,1,2))) -> 18660115
A70: 15/01/1866 | B70: 1 | C70: E.POTTEAUX | D70: Tạp vụ | E70: Một người nhà quê làm phước Chuyện cũ | F70: Chuyện người nhà quê làm phước | G70: Truyện – văn chương | H70: Nghị luận – bình luận – khuyến dụ – giáo huấn | I70: Văn hóa – xã hội – phong tục – đời sống | K70: chuyện cổ; truyện luân lý; làm phước; cứu người trong hỏa hoạn; nhơn đức; Paulus Của | L70: Thuở xưa có một người ở nhà quê, thấy lửa cháy nhà trong làng mình tức thì chạy đi cứu, song bởi lửa cháy mạnh lắm cứu ra vô ích. Khi ấy có người nói nhà ông cũng gần cháy nữa; người ấy liền hỏi nhà người bệnh ở gần đó có cháy không, rồi chạy đi cứu nhà người bệnh ấy mà chẳng lo gì đến nhà mình cùng của cải mình, đem nhiều đồ của nhà ấy ra ngoài. Người bệnh ấy thoát khỏi nơi nguy hiểm, thấy người ấy làm ơn cứu mình thì cho người ấy một cái chén bằng bạc, lại cho một cái mũ thêu khéo lắm. Người ấy phải bỏ hết của cải nhà mình mà đi làm thuê làm mướn cùng đi chèo ghe cho người ta. Ấy cũng đáng khen, hễ thưởng sự nhơn đức, ấy là giục người ta làm sự nhơn đức. Paulus Của. | M70: Truyện luân lý người nhà quê làm phước cứu người + lời khen nhơn đức → truyện, phụ khuyến dụ; văn hóa–xã hội (đạo đức). | N70: Một người nhà quê làm phước – Chuyện cổ Thủa xưa có một người ở nhà quê. thấy lửa cháy nhà trong làng mình, tức thì chạy đi cứu, song bởi lửa cháy mạnh lắm cứu cũng ra vô ích. khi ấy người ta nói với người ấy rằng: nhà ông cũng gần cháy nữa. người ấy thì phải hỏi nhà người gần lại đó có cháy không? người ta nói cũng cháy, nếu ông muốn cứu của ông, ông phải cứu cho mau. người ấy nói tôi có một người ở gần tôi nghèo khó đơn thân, không có ai cứu, mà nếu không có ai cứu nó, thì nó phải chết; tôi chờ nó trông tôi cứu nó và nói và chạy đi cứu nhà người bịnh ấy, mà chẳng lo gì đến nhà mình cũng của cải mình. chạy xuống vào nơi nhà cháy, thì khi ấy lửa đã cháy thấu tới giường người bịnh ấy nằm. Người ấy thấy mái nhà cháy gần sập, liền liều mình chạy vào cõng người bịnh ấy ra. Người bịnh ấy thoát khỏi nơi nguy hiểm, thấy người ấy đã làm ơn cứu ta cho mình, thì gọi cho người ấy một cái chén bằng bạc, lại cho một cái mũ thêu thùa Khéo làm cũng có để chữ trên cái mũ ấy để mà nhớ cái lý chuyện này, người ta thấy người ấy bởi thương cứu kẻ khác đã phải bỏ hết của cải của nhà, cũng đem nhiều đó mà cho người ấy, những người làm phước làm vậy cũng đáng khen. hễ là thường sự nhơn đức, ấy là giục người ta làm sự nhơn đức. Paulus Của | O70: Paulus Của | P70: Paulus Của (Huỳnh Tịnh Của) | Q70: Tòa soạn | R70: Potteaux | S70: =IFERROR(VALUE(RIGHT(TRIM(A70),4)),"") -> 1866 | T70: =IF(TRIM(D70)="Tập vụ","Tạp vụ",TRIM(D70)) -> Tạp vụ | V70: =IF($A70="","",VALUE(MID($A70,7,4)&MID($A70,4,2)&MID($A70,1,2))) -> 18660115
A71: 15/01/1866 | B71: 1 | C71: E.POTTEAUX | D71: Giá chợ | E71: Tại Tràng bảng | F71: Trang bàng | G71: Bảng giá – bảng kê – danh sách – thống kê | I71: Kinh tế – tài chính – thương mại | K71: giá chợ; Trảng-bàng; trâu bò; lúa gạo; đường đen; muối | L71: Trâu lớn 1 con 100 quan tiền. Trâu nhỏ 1 con 75 quan. Bò lớn 1 con 50 quan tiền. Bò nhỏ 1 con 35 quan. Lúa 1 vuông 1 quan 5 tiền. Gạo 1 vuông 3 quan. Đường đen 1 ghè 9 tiền. Muối 1 vuông 1 quan. | M71: Bảng giá chợ/hàng hóa (mặt hàng + giá) → chuẩn hóa nhãn hình thức; nội dung kinh tế–thương mại. | N71: GIA CHỢ – Tại Trang bàng Trâu lớn 1 con — 400 quan tiền. Trâu nhỏ 1 con — 75 quan. Bò lớn 1 con — 50 quan tiền. Bò nhỏ 1 con — 35 quan. Lúa 1 vuông — 1 quan 5 tiền. Gạo 1 vuông — 3 quan. Đường đen 4 ghè — 9 tiền. Muối 1 vuông — 4 quan. | R71: Potteaux | S71: =IFERROR(VALUE(RIGHT(TRIM(A71),4)),"") -> 1866 | T71: =IF(TRIM(D71)="Tập vụ","Tạp vụ",TRIM(D71)) -> Giá chợ | V71: =IF($A71="","",VALUE(MID($A71,7,4)&MID($A71,4,2)&MID($A71,1,2))) -> 18660115
A72: 15/01/1866 | B72: 1 | C72: E.POTTEAUX | D72: Giá chợ | E72: Tại Tây ninh | F72: Tây ninh | G72: Bảng giá – bảng kê – danh sách – thống kê | I72: Kinh tế – tài chính – thương mại | K72: giá chợ; Tây-ninh; lúa gạo; muối; trâu bò | L72: Lúa 1 vuông 1 quan 8 tiền. Gạo 1 vuông 3 quan 6 tiền. Muối 1 vuông 1 quan. Trâu lớn 1 con 100 quan. Trâu nhỏ 1 con 80 quan. Bò lớn 1 con 60 hay 70 quan. Bò nhỏ 1 con 30 hay là 35 quan. | M72: Bảng giá chợ/hàng hóa (mặt hàng + giá) → chuẩn hóa nhãn hình thức; nội dung kinh tế–thương mại. | N72: Tại tây ninh Lúa 1 vuông — 1 quan 8 tiền. Gạo 1 vuông — 3 quan 6 tiền. Muối 4 vuông — 4 quan. Trâu lớn 1 con — 100 quan. Trâu nhỏ 1 con — 60 quan. Bò lớn 1 con — 60 hay là 70 quan. Bò nhỏ 1 con — 30 hay là 35 quan. | R72: Potteaux | S72: =IFERROR(VALUE(RIGHT(TRIM(A72),4)),"") -> 1866 | T72: =IF(TRIM(D72)="Tập vụ","Tạp vụ",TRIM(D72)) -> Giá chợ | V72: =IF($A72="","",VALUE(MID($A72,7,4)&MID($A72,4,2)&MID($A72,1,2))) -> 18660115
A73: 15/01/1866 | B73: 1 | C73: E.POTTEAUX | D73: Giá chợ | E73: Tại Sài Gòn | F73: Sài gòn | G73: Bảng giá – bảng kê – danh sách – thống kê | I73: Kinh tế – tài chính – thương mại | K73: giá chợ; Sài-gòn; gạo lúa; bông; đường; dầu phụng; bò thịt – bò xe | L73: Gạo 1 vuông 5 quan. Lúa 1 vuông 2 quan. Muối 1 tạ 1 quan 5 tiền. Bông 1 tạ 33 quan. Bò thịt 1 con 8 đồng bạc. Bò xe 1 con 12 đồng 6 cắc. Đường 1 tạ 70 quan. Dầu phộng 1 xên 6 quan. | M73: Bảng giá chợ/hàng hóa (mặt hàng + giá) → chuẩn hóa nhãn hình thức; nội dung kinh tế–thương mại. | N73: Tại Saigòn Gạo 1 vuông — 5 quan Lúa 1 vuông — 2 quan. Muối 1 tạ — 1 quan 5 tiền. Bông 4 tạ — 33 quan. Bò thịt 1 con — 8 đồng bạc. Bò xe 1 con — 12 đồng bạc. Đường 1 tạ — 70 quan. Dầu phụng 1 xén — 6 quan. | R73: Potteaux | S73: =IFERROR(VALUE(RIGHT(TRIM(A73),4)),"") -> 1866 | T73: =IF(TRIM(D73)="Tập vụ","Tạp vụ",TRIM(D73)) -> Giá chợ | V73: =IF($A73="","",VALUE(MID($A73,7,4)&MID($A73,4,2)&MID($A73,1,2))) -> 18660115
A74: 15/01/1866 | B74: 1 | C74: E.POTTEAUX | D74: Giá chợ | E74: Tại Gò Công | F74: Gò công | G74: Bảng giá – bảng kê – danh sách – thống kê | I74: Kinh tế – tài chính – thương mại | K74: giá chợ; Gò-công; gạo lúa; trâu | L74: Gạo 1 vuông 5 quan. Lúa 1 vuông 2 quan 5 tiền. Trâu tốt 200 lượng cấp. | M74: Bảng giá chợ/hàng hóa (mặt hàng + giá) → chuẩn hóa nhãn hình thức; nội dung kinh tế–thương mại. | N74: Tại Gò công Gạo 1 vuông — 5 quan. Lúa 1 vuông — 2 quan 5 tiền. Trâu tốt 200 — 1 cặp. | R74: Potteaux | S74: =IFERROR(VALUE(RIGHT(TRIM(A74),4)),"") -> 1866 | T74: =IF(TRIM(D74)="Tập vụ","Tạp vụ",TRIM(D74)) -> Giá chợ | V74: =IF($A74="","",VALUE(MID($A74,7,4)&MID($A74,4,2)&MID($A74,1,2))) -> 18660115
A75: 15/01/1866 | B75: 1 | C75: E.POTTEAUX | D75: Giá chợ | E75: Tại Tân an | F75: Tân an | G75: Bảng giá – bảng kê – danh sách – thống kê | I75: Kinh tế – tài chính – thương mại | K75: giá chợ; Tân-an; gạo lúa | L75: Gạo 1 vuông 5 quan 3 tiền. Lúa 1 vuông 2 quan 3 tiền. | M75: Bảng giá chợ/hàng hóa (mặt hàng + giá) → chuẩn hóa nhãn hình thức; nội dung kinh tế–thương mại. | N75: Tại Tân an Gạo 1 vuông — 5 quan 3 tiền. Lúa 1 vuông — 2 quan 3 tiền. | R75: Potteaux | S75: =IFERROR(VALUE(RIGHT(TRIM(A75),4)),"") -> 1866 | T75: =IF(TRIM(D75)="Tập vụ","Tạp vụ",TRIM(D75)) -> Giá chợ | V75: =IF($A75="","",VALUE(MID($A75,7,4)&MID($A75,4,2)&MID($A75,1,2))) -> 18660115
A76: 15/01/1866 | B76: 1 | C76: E.POTTEAUX | D76: Giá chợ | E76: Tại Mỹ Tho | F76: Mỹ tho | G76: Bảng giá – bảng kê – danh sách – thống kê | I76: Kinh tế – tài chính – thương mại | K76: giá chợ; Mỹ-tho; gạo lúa | L76: Gạo 1 vuông 5 quan. Lúa 1 vuông 2 quan 5 tiền. | M76: Bảng giá chợ/hàng hóa (mặt hàng + giá) → chuẩn hóa nhãn hình thức; nội dung kinh tế–thương mại. | N76: Tại Mỹ-tho. Gạo 1 vuông — 5 quan. Lúa 1 vuông — 2 quan 5 tiền. | R76: Potteaux | S76: =IFERROR(VALUE(RIGHT(TRIM(A76),4)),"") -> 1866 | T76: =IF(TRIM(D76)="Tập vụ","Tạp vụ",TRIM(D76)) -> Giá chợ | V76: =IF($A76="","",VALUE(MID($A76,7,4)&MID($A76,4,2)&MID($A76,1,2))) -> 18660115
A77: 15/01/1866 | B77: 1 | C77: E.POTTEAUX | D77: Giá chợ | E77: Biên- hòa | F77: Biên hòa | G77: Bảng giá – bảng kê – danh sách – thống kê | I77: Kinh tế – tài chính – thương mại | K77: giá chợ; Biên-hòa; gạo lúa | L77: Gạo 1 vuông 3 quan. Lúa 1 vuông 3 quan 3 tiền. | M77: Bảng giá chợ/hàng hóa (mặt hàng + giá) → chuẩn hóa nhãn hình thức; nội dung kinh tế–thương mại. | N77: Biên-hòa. Gạo 1 vuông — 5 quan. Lúa 1 vuông — 3 quan 3 tiền. | R77: Potteaux | S77: =IFERROR(VALUE(RIGHT(TRIM(A77),4)),"") -> 1866 | T77: =IF(TRIM(D77)="Tập vụ","Tạp vụ",TRIM(D77)) -> Giá chợ | V77: =IF($A77="","",VALUE(MID($A77,7,4)&MID($A77,4,2)&MID($A77,1,2))) -> 18660115
A78: 15/01/1866 | B78: 1 | C78: E.POTTEAUX | D78: Giá chợ | E78: ba- ria | F78: Bà rịa | G78: Bảng giá – bảng kê – danh sách – thống kê | I78: Kinh tế – tài chính – thương mại | K78: giá chợ; Bà-rịa; gạo lúa; muối; E. Potteaux | L78: Gạo 1 vuông 5 quan 2 hay là 5 quan. Lúa 1 vuông 2 quan 3 tiền. Muối 17 hay là 18 một chục giạ. | M78: Bảng giá chợ/hàng hóa (mặt hàng + giá) → chuẩn hóa nhãn hình thức; nội dung kinh tế–thương mại. | N78: Ba – ria Gạo 1 vuông — 5 quan 2. hay là 3 quan. Lúa 1 vuông — 2 quan 3 tiền. Muối 17 hay là 18 một chục gia. E. POTTEAUX, Kẻ làm Nhựt-trình | R78: Potteaux | S78: =IFERROR(VALUE(RIGHT(TRIM(A78),4)),"") -> 1866 | T78: =IF(TRIM(D78)="Tập vụ","Tạp vụ",TRIM(D78)) -> Giá chợ | V78: =IF($A78="","",VALUE(MID($A78,7,4)&MID($A78,4,2)&MID($A78,1,2))) -> 18660115
A79: 15/02/1866 | B79: 2 | C79: E.POTTEAUX | D79: Công vụ | E79: Không có | F79: Lệnh của Quan Nguyên-Soái về các điều cấm (8 điều) | G79: Văn bản công quyền – quy phạm – quyết định | I79: Pháp luật – tư pháp – an ninh | K79: yết thị; điều cấm; trật tự đô thị; vệ sinh đường phố; đi đêm phải có đèn; hình phạt; quan Nguyên-Soái | L79: Quan Nguyên-Soái ra yết thị mới, đổi mới hai điều nghị về ngày mồng tám tháng tư năm tới gồm 8 điều cấm liên quan đến: bày nghề giữa đàng không có kê khai; không dùng xe đi ngựa rồi dọc đàng; truyện cáo người ở ngoài không phải e tờ thị phải làm; cấm bỏ loài vật đã chết ra dọc đàng; cấm bán rau cỏ trái trên các ngả ba đàng; cấm rác và đồ dơ dáy ra dọc đàng; điều lệ về ngày mồng tám tháng tư năm tới; cấm các điều lợi trước. | M79: Lệnh quan Nguyên-Soái gồm 8 điều cấm về trật tự/vệ sinh đô thị, kèm phạt tiền (1–15 quan) và tù (1–5 ngày) → văn bản công quyền–quy phạm; quy định trật tự đô thị/cấm/phạt → Nội dung chính = Pháp luật–tư pháp–an ninh (theo quy tắc B54). | N79: CÔNG VỤ Quan Nguyên-Soái ra yết thị mới mà đổi một hai điều nghị ngày mồng tám tháng tư năm ít sáu: Điều thứ nhứt các lời yết chỉ giữa đàng mà không có kẻ chứa, thì phải bắt đem đến quan Giám-thành tòa thứ 2 như đã nói trong điều lục thứ tư. Điều thứ hai cấm nít không được coi hay là xe đi mà ngựa rồi dọc đàng. Điều thứ ba truyền cho các người cò ở thoảng, hễ khi quan Giám-thành truy nã phải e tránh phạm bờ lợi trong yết thị phải làm, vì là cho được thanh khí và khỏi kẻ trộm ăn. Điều thứ tư cấm nít không được bỏ các lời yết đã chết ra dọc đàng, phải chôn hay là bỏ nơi nào cho xa thành. Điều thứ năm cấm không cho người ta bán rau cỏ trái trang dọc ngã ba đàng, phải đem tới nơi chợ mà buôn bán. Điều thứ sáu cấm không được bỏ rác hay là đồ dơ dây ra dọc đàng và các rạch. Điều thứ bảy cũng như điều lệ ngày mồng tám tháng tư năm ít sáu cấm các người phương đông không được đi ban đêm từ giờ thứ 10, thì bây giờ quan Nguyên-Soái cho phép cũng, nhưng mà phải có đèn. Điều thứ tám các điều lệ trước nầy hễ ai không giữ thì phải phạt từ 1 quan cho đến 15 quan và ở tù một ngày cho đến 5 ngày tùy theo sự lỗi nặng nhẹ. Sài-gòn ngày mồng một tháng giêng tây năm 1866. | R79: Potteaux | S79: =IFERROR(VALUE(RIGHT(TRIM(A79),4)),"") -> 1866 | T79: =IF(TRIM(D79)="Tập vụ","Tạp vụ",TRIM(D79)) -> Công vụ | V79: =IF($A79="","",VALUE(MID($A79,7,4)&MID($A79,4,2)&MID($A79,1,2))) -> 18660215
A80: 15/02/1866 | B80: 2 | C80: E.POTTEAUX | D80: Công vụ | E80: Giá quan ra cho các xe người ta mướn mà đi. | F80: CÔNG VỤ – Quy định cho thuê xe tại Sài-gòn | G80: Văn bản công quyền – quy phạm – quyết định | I80: Giao thông – tàu thuyền – liên lạc | J80: Kinh tế – tài chính – thương mại | K80: giá thuê xe ngựa; bảng giá nhà nước; đàng trong thành – ngoài thành; đi Chợ-lớn; Thuận-kiều; Biên-hòa; J. B. Liêu dịch | L80: Quy định giờ giấc, giá thuê xe ngựa trong thành và ngoài thành, bao gồm: giá thuê theo giờ, quy định về giờ ban đêm, phụ thu nếu chưa hết giờ, giá thuê ngày trọn, các tuyến cụ thể như Chợ-lớn, Thủ-thiêm, Biên-hòa. | M80: Quy định giờ giấc/giá thuê xe ngựa tại Sài-gòn → văn bản công quyền–quy phạm; giao thông (xe/vận tải), phụ kinh tế (giá). | N80: Gia quan ra cho các xe người ta hay muốn mà đi. Theo các đàng trong thành. 1° Từ giờ thứ sáu sáng ngày cho đến giờ thứ mười tối, xe một ngựa ban ngày 1 giờ là một quan năm ban đêm 1 giờ là 2 quan năm. 2° Ban ngày thuê đi một giờ là 2 quan, ban đêm một giờ là 3 quan. 3° Như người nào thuê xe đi một giờ mà chưa hết giờ ấy thì cũng phải trả một giờ hay là nếu có đi hơn một giờ mấy phút mà lòng thì cũng phải trả 2 giờ, etc. 4° Thuê xe trọn ngày: là từ giờ thứ 6 buổi mai cho đến giờ thứ 8 buổi chiều một đồng rưỡi bạc hay là chín quan. Theo các đàng ngoài thành. 1° Ban ngày một ngàn thước tây một quan, ban đêm một quan năm. 2° Ban ngày khi trở về một ngàn thước tây 5 tiền, ban đêm 7 tiền rưỡi. 3° Các người thuê xe đi mà không về thì cũng phải trả tiền đi lại, các người thuê xe chạy ra các đàng ngoài thành, nếu nghỉ thì phải trả mỗi một giờ 5 tiền ngoài, không kể với tiền thuê đi về theo một ngàn thước như đã nói trên. Dùng đi Chợ-lớn 1° Ban ngày thuê xe đi Chợ-lớn 4 quan, ban đêm 6 quan hay là một đồng bạc. 2° Ban ngày đi và về hơn một giờ thì phải trả 8 quan ban đêm hay là 2 đồng bạc. 3° Nếu người đi xe muốn cầm xe lại thì cũng phải trả tiền như một ngày trọn là 12 quan hay là 2 đồng bạc. 4° Đi Thuận-kiều và đi và về 18 quan hay là 5 đồng bộc. 5° Di Biên-hòa và đi và về 30 quan hay là 5 đồng bộc Quan Giám-thành ký. J. B. Liêu dịch y như bổn chánh. | O80: Quan Giám thành kí J.B Liêu dịch y như bổn chánh | R80: Potteaux | S80: =IFERROR(VALUE(RIGHT(TRIM(A80),4)),"") -> 1866 | T80: =IF(TRIM(D80)="Tập vụ","Tạp vụ",TRIM(D80)) -> Công vụ | V80: =IF($A80="","",VALUE(MID($A80,7,4)&MID($A80,4,2)&MID($A80,1,2))) -> 18660215
A81: 15/02/1866 | B81: 2 | C81: E.POTTEAUX | D81: Công vụ | E81: Không có | F81: Điều lệ về bày nghề cá (4 điều) | G81: Văn bản công quyền – quy phạm – quyết định | I81: Nông nghiệp – sản xuất – nghề nghiệp | K81: nghề cá; điều lệ 4 điều; xin phép quan tham-biện; giăng lưới trên sông; đèn báo ban đêm; phạt tiền | L81: Quan Nguyên-Soái quy định 4 điều về nghề cá: không bày nghề giữa đàng; không để giữa dòng nước; phải rửa bằng hai thùng nước lớn 3 lần; ai vi phạm phạt từ 10 đến 100 quan tiền. Ban hành tại Sài-gòn ngày 23 tháng giêng 1866. | M81: Điều lệ 4 điều về bày nghề cá → văn bản công quyền–quy phạm; nông nghiệp–sản xuất–nghề nghiệp. | N81: Quan Nguyễn-Soái muốn cho việc đi ghe thuyền cùng nghề làm cá đều được lợi ích, vậy người nghị định các điều sau nầy: 1° Trong các nơi sông 3 tỉnh chẳng ai được bày những đồ nghề bắt cá, mà chẳng có xin phép trước với quan tham-biện sở tại, khi quan tham-biện sự tại cho ai bày đồ nghề làm cá ra cho nào, thì phải cho quan tham tán biết trước 8 ngày lại phải chỉ cho bày đồ bắt cá cho rõ ràng. 2° Những đồ làm nghề cá không nên giăng quá nửa phần sông, khi phải bày những cớ ấy ra rằng làm vậy, thì không nên để giữa dòng nước, song phải để cho ghe nở. 3° Khi bày nghề đó ấy, thì phải cắm cây lên với hai bên cao khỏi nước lên 3 thước, ban tối các vậy ấy phải có đèn lửa. 4° Ai không tuân theo các điều nghị định ấy, sẽ phải phạt từ 10 quan cho đến 100 quan tùn. Tại Sai-gon ngày 23 tháng giêng 1866 | R81: Potteaux | S81: =IFERROR(VALUE(RIGHT(TRIM(A81),4)),"") -> 1866 | T81: =IF(TRIM(D81)="Tập vụ","Tạp vụ",TRIM(D81)) -> Công vụ | V81: =IF($A81="","",VALUE(MID($A81,7,4)&MID($A81,4,2)&MID($A81,1,2))) -> 18660215
A82: 15/02/1866 | B82: 2 | C82: E.POTTEAUX | D82: Công vụ | E82: Không có | F82: Thông báo thưởng cho người đua xe bò ngày mồng 1 tháng 3 | G82: Thông báo – yết thị | I82: Văn hóa – xã hội – phong tục – đời sống | K82: đua xe bò; giải thưởng; mồng 1 tháng ba; sau cuộc đua ngựa | L82: Ngày mồng 1 tháng ba Tây khi đua ngựa rồi sẽ cho đua xe bò; thứ nhất thưởng 100 quan, thứ hai thưởng 40 quan. | M82: Thông báo thưởng cuộc đua xe bò → yết thị; sự kiện đua (VH–XH). | N82: Ngày mồng 1 tháng ba tây khi đua ngựa rồi, sẽ cho đưa xe bò. Thứ nhứt ăn thưởng 100 quan. Thứ hai ăn thưởng 40 quan. | R82: Potteaux | S82: =IFERROR(VALUE(RIGHT(TRIM(A82),4)),"") -> 1866 | T82: =IF(TRIM(D82)="Tập vụ","Tạp vụ",TRIM(D82)) -> Công vụ | V82: =IF($A82="","",VALUE(MID($A82,7,4)&MID($A82,4,2)&MID($A82,1,2))) -> 18660215
